Type,Entry,Variations,Party,Country,EU,source_file,source_sheet,source_row
Name,Antoni Macierewicz,"Macierewicz, Macieriewicz, Antoni Macierewicz",Prawo i Sprawiedliwość,Poland,1,FINAL_NER_2025_17_01/Glossary/Poland_Glossary.xlsx,Glossary,2
Name,Jarosław Kaczyński,"Jaroslaw Kaczynski, Kaczyński, J. Kaczyński",Law and Justice,Poland,1,FINAL_NER_2025_17_01/Glossary/Poland_Glossary.xlsx,Glossary,3
Name,Donald Tusk,"Tusk, Donald Tusk, D. Tusk",Civic Platform Party,Poland,1,FINAL_NER_2025_17_01/Glossary/Poland_Glossary.xlsx,Glossary,4
Name,Jarosław Kaczynski,Kaczynski,Law and Justice,Poland,1,FINAL_NER_2025_17_01/Glossary/Poland_Glossary.xlsx,Glossary,5
Party,Law and Justice,"Prawo i Sprawiedliwolść, Lawn and Justice, PiS, Prawo i Sprawiedliwość, Law and Justice",Law and Justice,Unknown,0,FINAL_NER_2025_17_01/Glossary/Poland_Glossary.xlsx,Glossary,6
Party,Confederation,"Konfederacja Obywatelska, Confederation, Konfederacja",Confederation,Unknown,0,FINAL_NER_2025_17_01/Glossary/Poland_Glossary.xlsx,Glossary,7
Name,Andrzej Duda,"Andrzej Duda, Duda",Law and Justice,Poland,1,FINAL_NER_2025_17_01/Glossary/Poland_Glossary.xlsx,Glossary,8
Name,Mateusz Morawiecki,"M. Morawiecki, Mateusz Morawiecki, Morawiecka, Morawiecki",Prawo i Sprawiedliwość,Poland,1,FINAL_NER_2025_17_01/Glossary/Poland_Glossary.xlsx,Glossary,9
Name,Dominik Tarczyński,"Tarczyńska, Domink Tarczynski, Tarczyński, Dominik Tarczynski",Law and Justice,Poland,1,FINAL_NER_2025_17_01/Glossary/Poland_Glossary.xlsx,Glossary,10
Name,Robert Biedroń,"Biedroń, Robert Biedroń, Roberta Biedron, Robert Biedron",The Left,Poland,1,FINAL_NER_2025_17_01/Glossary/Poland_Glossary.xlsx,Glossary,11
Name,Kamila Gasiuk-Pihowicz,"Gasiuk-Pichowicz, Gasiuk Pihowicz, K. Gasiuk-Pihowicz, Kamila Gasiuk-Pihowicz",Civic Platform,Poland,1,FINAL_NER_2025_17_01/Glossary/Poland_Glossary.xlsx,Glossary,12
Name,Slawomir Mentzen,"Slawomir Mentzen, Mentzen",Confederation Liberty and Independence ,Poland,1,FINAL_NER_2025_17_01/Glossary/Poland_Glossary.xlsx,Glossary,13
Name,Ewa Zajaczkowska-Hernik,"Zajaczkowska, Ewa Zajaczkowska-Hernik, Zajączkowska, E. Zajączkowska, Ewa Zajaczkowska",Nowa Nadzieja,Poland,1,FINAL_NER_2025_17_01/Glossary/Poland_Glossary.xlsx,Glossary,14
Name,Grzegorz Braun,"Grzegorz Braun, Braun, G. Braun",Confederation Liberty and Independence,Poland,1,FINAL_NER_2025_17_01/Glossary/Poland_Glossary.xlsx,Glossary,15
Party,New Left,Lewica,New Left,Unknown,0,FINAL_NER_2025_17_01/Glossary/Poland_Glossary.xlsx,Glossary,16
Name,Joanna Kamińska,"Joanna Kaminska, Kamińska",Civic Coalition,Poland,1,FINAL_NER_2025_17_01/Glossary/Poland_Glossary.xlsx,Glossary,17
Name,Krzysztof Brejza,"Krzysztof Brejza, K. Brejza",Civic Coalition,Poland,1,FINAL_NER_2025_17_01/Glossary/Poland_Glossary.xlsx,Glossary,18
Name,Szymon Holownia,"Szymon Holownia, Holownia",Polska 2050,Poland,1,FINAL_NER_2025_17_01/Glossary/Poland_Glossary.xlsx,Glossary,19
Name,Anna Gembicka,Gembicka,Prawo i Sprawiedliwość,Poland,1,FINAL_NER_2025_17_01/Glossary/Poland_Glossary.xlsx,Glossary,20
Name,Przemysław Czarnek,Czarnek,Prawo i Sprawiedliwość,Poland,1,FINAL_NER_2025_17_01/Glossary/Poland_Glossary.xlsx,Glossary,21
Name,Grzegorz Schetyna,Schetyna,Platforma Obywatelska,Poland,1,FINAL_NER_2025_17_01/Glossary/Poland_Glossary.xlsx,Glossary,22
Name,Donald Trump,Trump,Republican Party,United States,0,FINAL_NER_2025_17_01/Glossary/Poland_Glossary.xlsx,Glossary,23
Name,Aleksandra Wiśniewska,"Wiśniewska, Aleksandra Wisniewska",Civic Coalition,Poland,1,FINAL_NER_2025_17_01/Glossary/Poland_Glossary.xlsx,Glossary,24
Name,Maria Niklinska,Maria Niklinska,Third Way,Poland,1,FINAL_NER_2025_17_01/Glossary/Poland_Glossary.xlsx,Glossary,25
Name,Patryk Jaki,"P. Jaki, Jaki, Patryk Jaki",Law and Justice,Poland,1,FINAL_NER_2025_17_01/Glossary/Poland_Glossary.xlsx,Glossary,26
Name,Mariusz Gosek,Gosek,Prawo i Sprawiedliwość,Poland,1,FINAL_NER_2025_17_01/Glossary/Poland_Glossary.xlsx,Glossary,27
Name,Rafał Trzaskowski,"Trzkawski, Trzaskowski",Civic Platform,Poland,1,FINAL_NER_2025_17_01/Glossary/Poland_Glossary.xlsx,Glossary,28
Name,Krzysztof Bosak,"Bosak, Krzysztof Bosak, K. Bosak",Confederation Liberty and Independence,Poland,1,FINAL_NER_2025_17_01/Glossary/Poland_Glossary.xlsx,Glossary,29
Name,Janusz Kowalski,Kowalski,Prawo i Sprawiedliwość,Poland,1,FINAL_NER_2025_17_01/Glossary/Poland_Glossary.xlsx,Glossary,30
Name,Konrad Berkowicz,"Berkowicz, K Berkowicz, K. Berkowicz, Bierkowicz, Konrad Berkowicz",Confederation Liberty and Independence,Poland,1,FINAL_NER_2025_17_01/Glossary/Poland_Glossary.xlsx,Glossary,31
Name,Civic Coalition,"Zieloni/KO, KO, Civic Coalition, Zieloni",The Greens,Unknown,0,FINAL_NER_2025_17_01/Glossary/Poland_Glossary.xlsx,Glossary,32
Name,Civic Coalition,"Zieloni/KO, KO, Civic Coalition, Zieloni",Civic Coalition,Poland,1,FINAL_NER_2025_17_01/Glossary/Poland_Glossary.xlsx,Glossary,33
Party,Left Together,Razem,Left Together,Unknown,0,FINAL_NER_2025_17_01/Glossary/Poland_Glossary.xlsx,Glossary,34
Name,Elżbieta Anna Polak,Elzbieta Anna Polak,Civic Coalition,Poland,1,FINAL_NER_2025_17_01/Glossary/Poland_Glossary.xlsx,Glossary,35
Name,Adrian Zandberg,Adrian Zandberg,The Left,Poland,1,FINAL_NER_2025_17_01/Glossary/Poland_Glossary.xlsx,Glossary,36
Name,Andrzej Halicki,"Andrzej Halicki, A. Halicki",Civic Coalition,Poland,1,FINAL_NER_2025_17_01/Glossary/Poland_Glossary.xlsx,Glossary,37
Party,,,,Unknown,0,FINAL_NER_2025_17_01/Glossary/Poland_Glossary.xlsx,Glossary,38
Name,Volodymyr Zelenskyy,Zelensky,Servant of the People,Ukraine,0,FINAL_NER_2025_17_01/Glossary/Poland_Glossary.xlsx,Glossary,39
Name,Ursula von der Leyen,"von der Leyen, U. Von der Leyen",Christian Democratic Union,Germany,1,FINAL_NER_2025_17_01/Glossary/Poland_Glossary.xlsx,Glossary,40
Name,Vladimir Putin,Putin,United Russia,Russia,0,FINAL_NER_2025_17_01/Glossary/Poland_Glossary.xlsx,Glossary,41
Name,Angela Merkel,Merkel,Christian Democratic Union,Germany,1,FINAL_NER_2025_17_01/Glossary/Poland_Glossary.xlsx,Glossary,42
Name,Mariusz Krystian,Krystian,Prawo i Sprawiedliwość,Poland,1,FINAL_NER_2025_17_01/Glossary/Poland_Glossary.xlsx,Glossary,43
Name,Beata Szydło,"Beata Szydło, B. Szydło, Szydło",Law and Justice,Poland,1,FINAL_NER_2025_17_01/Glossary/Poland_Glossary.xlsx,Glossary,44
Name,Szymon Hołownia,"Sz. Hołownia, S. Hołownia, Hołowna, Hołownia",Polska 2050,Poland,1,FINAL_NER_2025_17_01/Glossary/Poland_Glossary.xlsx,Glossary,45
Name,Jacek Ozdoba,Ozdoba,Law and Justice,Poland,1,FINAL_NER_2025_17_01/Glossary/Poland_Glossary.xlsx,Glossary,46
Name,Sebastian Kaleta,"Kaleta, S. Kaleta",Law and Justice,Poland,1,FINAL_NER_2025_17_01/Glossary/Poland_Glossary.xlsx,Glossary,47
Name,Radosław Sikorski,"Radowslaw Sikorski, Sikorski, Radoslaw Sikorski, Radosław Sikorski, R. Sikorski",Civic Coalition,Poland,1,FINAL_NER_2025_17_01/Glossary/Poland_Glossary.xlsx,Glossary,48
Name,Stanisław Tyszka,"S. Tyszka, Tyszka",Confederation Liberty and Independence ,Poland,1,FINAL_NER_2025_17_01/Glossary/Poland_Glossary.xlsx,Glossary,49
Name,Mariusz Kamiński,"Kamiński, K. Kamiński",Law and Justice,Poland,1,FINAL_NER_2025_17_01/Glossary/Poland_Glossary.xlsx,Glossary,50
Name,Borys Budka,"Budka, Borys Budka, B. Budka",Civic Coalition,Poland,1,FINAL_NER_2025_17_01/Glossary/Poland_Glossary.xlsx,Glossary,51
Name,Civic Platform,Civic Platform,Civic Platform,Unknown,0,FINAL_NER_2025_17_01/Glossary/Poland_Glossary.xlsx,Glossary,52
Party,Sovereign Poland,"Suwerenna Polska, Sovereign Poland, Surerenna Polska",Sovereign Poland,Unknown,0,FINAL_NER_2025_17_01/Glossary/Poland_Glossary.xlsx,Glossary,53
Party,Civic Platform,"Platforma Obywatelska, PO, Platworma Obywatelska",Civic Platform,Unknown,0,FINAL_NER_2025_17_01/Glossary/Poland_Glossary.xlsx,Glossary,54
Name,Piotr Korczarowski,Karozarowski,Confederation Liberty and Independence,Poland,1,FINAL_NER_2025_17_01/Glossary/Poland_Glossary.xlsx,Glossary,55
Name,Joe Biden,Biden,Democratic Party,United States,0,FINAL_NER_2025_17_01/Glossary/Poland_Glossary.xlsx,Glossary,56
Name,Włodzimierz Czarzasty,"Wlodzimierz Czarzasty, Włodzimierz Czarzasty, Czarzasty",The Left,Poland,1,FINAL_NER_2025_17_01/Glossary/Poland_Glossary.xlsx,Glossary,57
Name,Justyna Walker,Justyna Walker,Normal Country,Poland,1,FINAL_NER_2025_17_01/Glossary/Poland_Glossary.xlsx,Glossary,58
Name,Andrzej Rozenek,Andrzej Rozenek,Civic Coalition,Poland,1,FINAL_NER_2025_17_01/Glossary/Poland_Glossary.xlsx,Glossary,59
Name,Roman Fritz,Fritz,Confederation Liberty and Independence,Poland,1,FINAL_NER_2025_17_01/Glossary/Poland_Glossary.xlsx,Glossary,60
Name,Katarzyna Kotula,"Kotula, Katarzyna Kotula",The Left,Poland,1,FINAL_NER_2025_17_01/Glossary/Poland_Glossary.xlsx,Glossary,61
Name,Michał Kołodziejczak,"M. Kołodziejczak, Kołodziejczak, Kołodzieczak",Civic Coalition,Poland,1,FINAL_NER_2025_17_01/Glossary/Poland_Glossary.xlsx,Glossary,62
Name,Civic Coalition,"Zieloni/KO, KO, Civic Coalition, Zieloni",Independents - Civic Coalition,Unknown,0,FINAL_NER_2025_17_01/Glossary/Poland_Glossary.xlsx,Glossary,63
Name,Sławomir Mentzen,"Metzeń, Mentzeń, Mientzeń, S. Mentzen",Confederation Liberty and Independence,Poland,1,FINAL_NER_2025_17_01/Glossary/Poland_Glossary.xlsx,Glossary,64
Name,Jan Kanthak,Kanthak,Law and Justice,Poland,1,FINAL_NER_2025_17_01/Glossary/Poland_Glossary.xlsx,Glossary,65
Name,Giorgia Meloni,Meloni,Brothers of Italy,Italy,1,FINAL_NER_2025_17_01/Glossary/Poland_Glossary.xlsx,Glossary,66
Name,Santiago Abascal,Abascal,VOX,Spain,1,FINAL_NER_2025_17_01/Glossary/Poland_Glossary.xlsx,Glossary,67
Name,Anna Maria Żukowska,"Anna Maria Zukowska, A. Maria Żukowska, Zukowska, Żukowska",Left,Poland,1,FINAL_NER_2025_17_01/Glossary/Poland_Glossary.xlsx,Glossary,68
Name,Andrzej Lepper,Lepper,Self-Defence of the Republic of Poland,Poland,1,FINAL_NER_2025_17_01/Glossary/Poland_Glossary.xlsx,Glossary,69
Name,Justyna Krasowicz,Krasowicz,Confederation Liberty and Independence,Poland,1,FINAL_NER_2025_17_01/Glossary/Poland_Glossary.xlsx,Glossary,70
Party,Poland 2050,"Poland 2050, Polska 2050",Poland 2050,Unknown,0,FINAL_NER_2025_17_01/Glossary/Poland_Glossary.xlsx,Glossary,71
Name,Katarzyna Pelczynska-Nalecz,"Katarzyna Pelczynska-Nalecz, Katarzyna Pelczynska",Third Way,Poland,1,FINAL_NER_2025_17_01/Glossary/Poland_Glossary.xlsx,Glossary,72
Name,Joanna Senyszyn,Senyszyn,The Left,Poland,1,FINAL_NER_2025_17_01/Glossary/Poland_Glossary.xlsx,Glossary,73
Name,Bartłomiej Sienkiewicz,"Bartłomiej Sienkiewicz, B. Sienkiewicz, Sienkiewicz",Civic Coalition,Poland,1,FINAL_NER_2025_17_01/Glossary/Poland_Glossary.xlsx,Glossary,74
Name,Krzysztof Kwiatkowski,"Krzysztof Kwiatkowski, K. Kwiatkowski",Civic Coalition,Poland,1,FINAL_NER_2025_17_01/Glossary/Poland_Glossary.xlsx,Glossary,75
Name,Magdalena Filiks,"Filiks, Magdalena Filiks",Civic Coalition,Poland,1,FINAL_NER_2025_17_01/Glossary/Poland_Glossary.xlsx,Glossary,76
Name,Michał Wójcik,Michał Wojcik,Law and Justice,Poland,1,FINAL_NER_2025_17_01/Glossary/Poland_Glossary.xlsx,Glossary,77
Name,Marek Belka,Marek Belka,The Left,Poland,1,FINAL_NER_2025_17_01/Glossary/Poland_Glossary.xlsx,Glossary,78
Name,Dorota Anna Kolarska,Dorota Kolarska,Left Together,Poland,1,FINAL_NER_2025_17_01/Glossary/Poland_Glossary.xlsx,Glossary,79
Name,Koalicja Obwatelska,"Koalicja Obywatelska, Koalicja Obywatelski",Independents - Civic Coalition,Unknown,0,FINAL_NER_2025_17_01/Glossary/Poland_Glossary.xlsx,Glossary,80
Name,Pope John Paul II,John Paul II,Others,Vatican City,0,FINAL_NER_2025_17_01/Glossary/Poland_Glossary.xlsx,Glossary,81
Name,Barbara Nowacka,Nowacka,Civic Coalition,Poland,1,FINAL_NER_2025_17_01/Glossary/Poland_Glossary.xlsx,Glossary,82
Name,Róża Thun,"Thun, R. Thun, Roza Thun",Third Way,Poland,1,FINAL_NER_2025_17_01/Glossary/Poland_Glossary.xlsx,Glossary,83
Name,Ewa Zajączkowska-Hernik,"E. Zajączkowska-Hernik, E. Zajączkowska-hernik",Nowa Nadzieja,Poland,1,FINAL_NER_2025_17_01/Glossary/Poland_Glossary.xlsx,Glossary,84
Name,Ewa Kopacz,"Ewa Kopacz, E. Kopacz",Civic Coalition,Poland,1,FINAL_NER_2025_17_01/Glossary/Poland_Glossary.xlsx,Glossary,85
Name,Anna Bryłka,"A. Bryłka, Anna Bryłka, Bryłka",Confederation Liberty and Independence ,Poland,1,FINAL_NER_2025_17_01/Glossary/Poland_Glossary.xlsx,Glossary,86
Name,Nicolas Bay,Bay,Reconquest,France,1,FINAL_NER_2025_17_01/Glossary/Poland_Glossary.xlsx,Glossary,87
Party,Reconquête–MC,Reconquête,Reconquête–MC,Unknown,0,FINAL_NER_2025_17_01/Glossary/Poland_Glossary.xlsx,Glossary,88
Name,Emmanuel Macron,Macron,Renaissance,France,1,FINAL_NER_2025_17_01/Glossary/Poland_Glossary.xlsx,Glossary,89
Name,Olaf Scholz,"Scholtz, Scholz",Social Democratic Party,Germany,1,FINAL_NER_2025_17_01/Glossary/Poland_Glossary.xlsx,Glossary,90
Name,Ryszard Petru,"R. Petru, Petru",Third Way,Poland,1,FINAL_NER_2025_17_01/Glossary/Poland_Glossary.xlsx,Glossary,91
Name,Krzysztof Gawkowski,Gawkowski,The Left,Poland,1,FINAL_NER_2025_17_01/Glossary/Poland_Glossary.xlsx,Glossary,92
Name,Jacek Krzysztof Karnowski,Karnowski,Civic Coalition,Poland,1,FINAL_NER_2025_17_01/Glossary/Poland_Glossary.xlsx,Glossary,93
Name,Zbigniew Kuźmiuk,Kuźmiuk,Law and Justice,Poland,1,FINAL_NER_2025_17_01/Glossary/Poland_Glossary.xlsx,Glossary,94
Name,Mariusz Błaszczak,"M. Błaszczak, Błaszczak",Law and Justice,Poland,1,FINAL_NER_2025_17_01/Glossary/Poland_Glossary.xlsx,Glossary,95
Name,Gerhard Schröder,Schroeder,Social Democratic Party of Germany,Germany,1,FINAL_NER_2025_17_01/Glossary/Poland_Glossary.xlsx,Glossary,96
Name,Przemysław Wipler,Wipler,KORWiN,Poland,1,FINAL_NER_2025_17_01/Glossary/Poland_Glossary.xlsx,Glossary,97
Name,Lech Wałęsa,"Lech Walesa, Wałęsa",Others,Poland,1,FINAL_NER_2025_17_01/Glossary/Poland_Glossary.xlsx,Glossary,98
Name,The Left,Razem/Lewica,The Left,Germany,1,FINAL_NER_2025_17_01/Glossary/Poland_Glossary.xlsx,Glossary,99
Name,Władysław Kosiniak-Kamysz,"Kamysz-Kosiniak, Kosiniak-Kamysz, W. Kosiniak-Kamysz",Third Way,Poland,1,FINAL_NER_2025_17_01/Glossary/Poland_Glossary.xlsx,Glossary,100
Name,Jacek Kurski,"J. Kurski, Kurski",Law and Justice,Poland,1,FINAL_NER_2025_17_01/Glossary/Poland_Glossary.xlsx,Glossary,101
Name,Agnieszka Dziemianowicz-Bąk,Dziemianowicz-Bąk,The Left,Poland,1,FINAL_NER_2025_17_01/Glossary/Poland_Glossary.xlsx,Glossary,102
Name,Bartosz Arłukowicz,"Arłukowicz, B. Arłukowicz",Civic Coalition,Poland,1,FINAL_NER_2025_17_01/Glossary/Poland_Glossary.xlsx,Glossary,103
Name,Dobromir Sośnierz,"D. Sośnierz, Sośnierz",Confederation Liberty and Independence,Poland,1,FINAL_NER_2025_17_01/Glossary/Poland_Glossary.xlsx,Glossary,104
Name,Danuta Jazłowiecka,Dana Jazlowiecka,Civic Coalition,Poland,1,FINAL_NER_2025_17_01/Glossary/Poland_Glossary.xlsx,Glossary,105
Name,Michał Wawrykiewicz,"Michal Wawrykiewicz, Wawrykiewicz, Michał Wawrykiewicz, M. Wawrykiewicz",Civic Coalition,Poland,1,FINAL_NER_2025_17_01/Glossary/Poland_Glossary.xlsx,Glossary,106
Name,Zbigniew Ziobro,Ziobro,Law and Justice,Poland,1,FINAL_NER_2025_17_01/Glossary/Poland_Glossary.xlsx,Glossary,107
Name,Alexander Lukashenko,Lukashenko,Independent,Belarus,0,FINAL_NER_2025_17_01/Glossary/Poland_Glossary.xlsx,Glossary,108
Name,Janusz Korwin-Mikke,"Korwin-Mikke, Janusz Korwin-Mikke",Confederation Liberty and Independence,Poland,1,FINAL_NER_2025_17_01/Glossary/Poland_Glossary.xlsx,Glossary,109
Name,Paweł Zalewski,Zalewski,Third Way,Poland,1,FINAL_NER_2025_17_01/Glossary/Poland_Glossary.xlsx,Glossary,110
Name,Katarzyna Pełczyńska-Nałęcz,"Pełczyńska-Nałęcz, K. Perczyńska Nałęcz",Third Way,Poland,1,FINAL_NER_2025_17_01/Glossary/Poland_Glossary.xlsx,Glossary,111
Party,Independents - Third way,"Trzecia Droga, Trzecia droga",Independents - Third way,Unknown,0,FINAL_NER_2025_17_01/Glossary/Poland_Glossary.xlsx,Glossary,112
Name,Jacek Czaputowicz,Czaputowicz,Law and Justice,Poland,1,FINAL_NER_2025_17_01/Glossary/Poland_Glossary.xlsx,Glossary,113
Name,Marcin Józefaciuk,Józefaciuk,Civic Platform,Poland,1,FINAL_NER_2025_17_01/Glossary/Poland_Glossary.xlsx,Glossary,114
Name,Radosław Fogiel,Fogiel,Law and Justice,Poland,1,FINAL_NER_2025_17_01/Glossary/Poland_Glossary.xlsx,Glossary,115
Name,Marta Wcisło,"Wcisło, M. Wcisło",Civic Coalition,Poland,1,FINAL_NER_2025_17_01/Glossary/Poland_Glossary.xlsx,Glossary,116
Name,Krzysztof Paszyk,Paszyk,Third Way,Poland,1,FINAL_NER_2025_17_01/Glossary/Poland_Glossary.xlsx,Glossary,117
Name,Joanna Mucha,Mucha,Third Way,Poland,1,FINAL_NER_2025_17_01/Glossary/Poland_Glossary.xlsx,Glossary,118
Name,Marek Sawicki,"Sawicki, M. Sawicki",Third Way,Poland,1,FINAL_NER_2025_17_01/Glossary/Poland_Glossary.xlsx,Glossary,119
Name,Joanna Scheuring-Wielgus,"Scheuring-Wielgus, Joanna Scheuring-Wielgus",The Left,Poland,1,FINAL_NER_2025_17_01/Glossary/Poland_Glossary.xlsx,Glossary,120
Name,Maciej Konieczny,"Maciej Konieczny, Konieczny",Left Together,Poland,1,FINAL_NER_2025_17_01/Glossary/Poland_Glossary.xlsx,Glossary,121
Name,Wojciech Kolarski,Kolarski,Law and Justice,Poland,1,FINAL_NER_2025_17_01/Glossary/Poland_Glossary.xlsx,Glossary,122
Name,Marcin Kierwiński,"M. Kierwiński, Kierwińki, M. Kierwinnski, M. Kierwinski, Kierwiński",Civic Platform,Poland,1,FINAL_NER_2025_17_01/Glossary/Poland_Glossary.xlsx,Glossary,123
Name,Kamil Bortniczuk,Bortniczuk,Law and Justice,Poland,1,FINAL_NER_2025_17_01/Glossary/Poland_Glossary.xlsx,Glossary,124
Name,Magdalena Biejat,"Biejat, Magdalena Biejat",The Left,Poland,1,FINAL_NER_2025_17_01/Glossary/Poland_Glossary.xlsx,Glossary,125
Name,Krasowicz Justyna,J. Krasowicz,Confederation Liberty and Independence,Poland,1,FINAL_NER_2025_17_01/Glossary/Poland_Glossary.xlsx,Glossary,126
Name,Tobiasz Bocheński,Bocheński,Law and Justice,Poland,1,FINAL_NER_2025_17_01/Glossary/Poland_Glossary.xlsx,Glossary,127
Name,Koalicja Obwatelska,"Koalicja Obywatelska, Koalicja Obywatelski",Civic Coalition,Poland,1,FINAL_NER_2025_17_01/Glossary/Poland_Glossary.xlsx,Glossary,128
Name,Jan Hamerski,Hamerski,Law and Justice,Poland,1,FINAL_NER_2025_17_01/Glossary/Poland_Glossary.xlsx,Glossary,129
Name,Zbigniew Rau,Zbigniew Rau,Law and Justice,Poland,1,FINAL_NER_2025_17_01/Glossary/Poland_Glossary.xlsx,Glossary,130
Name,Marek Suski,Suski,Law and Justice,Poland,1,FINAL_NER_2025_17_01/Glossary/Poland_Glossary.xlsx,Glossary,131
Name,Stanisław Karczewski,Karczewski,Law and Justice,Poland,1,FINAL_NER_2025_17_01/Glossary/Poland_Glossary.xlsx,Glossary,132
Name,Marek Olszewski,Olszewski,Nonpartisan Local Government Activists,Poland,1,FINAL_NER_2025_17_01/Glossary/Poland_Glossary.xlsx,Glossary,133
Name,Geert Wilders,Wilders,Party for Freedom,Netherlands,1,FINAL_NER_2025_17_01/Glossary/Poland_Glossary.xlsx,Glossary,134
Name,Tomasz Grodzki,Grodzki,Civic Platform,Poland,1,FINAL_NER_2025_17_01/Glossary/Poland_Glossary.xlsx,Glossary,135
Name,Ryszard Czarnecki,"R. Czarnecki, Czarnecki",Law and Justice,Poland,1,FINAL_NER_2025_17_01/Glossary/Poland_Glossary.xlsx,Glossary,136
Name,Jacek Sasin,Sasin,Law and Justice,Poland,1,FINAL_NER_2025_17_01/Glossary/Poland_Glossary.xlsx,Glossary,137
Name,Karol Karski,Karski,Law and Justice,Poland,1,FINAL_NER_2025_17_01/Glossary/Poland_Glossary.xlsx,Glossary,138
Name,Waldemar Buda,"Buda, W. Buda",Law and Justice,Poland,1,FINAL_NER_2025_17_01/Glossary/Poland_Glossary.xlsx,Glossary,139
Name,Michał Szczerba,"M. Szczerba, Szczerba",Civic Coalition,Poland,1,FINAL_NER_2025_17_01/Glossary/Poland_Glossary.xlsx,Glossary,140
Name,Dariusz Joński,"Joński, D. Jonski, D. Joński",Civic Platform,Poland,1,FINAL_NER_2025_17_01/Glossary/Poland_Glossary.xlsx,Glossary,141
Name,Adam Bodnar,"A. Bodnar, Bodnar",Civic Platform,Poland,1,FINAL_NER_2025_17_01/Glossary/Poland_Glossary.xlsx,Glossary,142
Party,Rise Up,"E. Hernik-Zajaczkowska, E. Kobos",Rise Up,Unknown,0,FINAL_NER_2025_17_01/Glossary/Poland_Glossary.xlsx,Glossary,143
Party,Alliance,"A. Kosztowniak, A. Duda, A. Dulkiewicz, A. Krzemiński, A. Gajewska, A. Myrcha",Alliance,Unknown,0,FINAL_NER_2025_17_01/Glossary/Poland_Glossary.xlsx,Glossary,144
Name,Jacek Saryusz-Wolski,J. Saryusz-Wolski,Law and Justice,Poland,1,FINAL_NER_2025_17_01/Glossary/Poland_Glossary.xlsx,Glossary,145
Name,Michał Wawer,"M. Wawer, Wawer",Confederation Liberty and Independence,Poland,1,FINAL_NER_2025_17_01/Glossary/Poland_Glossary.xlsx,Glossary,146
Name,Przemyslaw Czarnek,P. Czarnek,Prawo i Sprawiedliwość,Poland,1,FINAL_NER_2025_17_01/Glossary/Poland_Glossary.xlsx,Glossary,147
Party,Moderate Party,"M. Kidawa-Błonska, M. Gramatyka, M. Moskal, M. Rosa, M. Giertych, M. Przydasz, M. Witek, M. Wróbel",Moderate Party,Unknown,0,FINAL_NER_2025_17_01/Glossary/Poland_Glossary.xlsx,Glossary,148
Name,Michał Kobosko,"M. Kobosko, Kobosko",Third Way,Poland,1,FINAL_NER_2025_17_01/Glossary/Poland_Glossary.xlsx,Glossary,149
Name,Aleksander Kwaśniewski,"A. Kwaśniewski, Aleksandr Kwasniewski, Kwaśniewski",Social Democracy of Poland,Poland,1,FINAL_NER_2025_17_01/Glossary/Poland_Glossary.xlsx,Glossary,150
Name,Krzysztof Hetman,K. Hetman,Third Way,Poland,1,FINAL_NER_2025_17_01/Glossary/Poland_Glossary.xlsx,Glossary,151
Name,Jan Grabiec,J. Grabiec,Civic Platform,Poland,1,FINAL_NER_2025_17_01/Glossary/Poland_Glossary.xlsx,Glossary,152
Name,Rafal Trzaskowski,"Rafal Trzaskowski, R. Trzaskowski",Platforma Obywatelska,Poland,1,FINAL_NER_2025_17_01/Glossary/Poland_Glossary.xlsx,Glossary,153
Name,Tomasz Siemoniak,T. Siemioniak,Civic Platform,Poland,1,FINAL_NER_2025_17_01/Glossary/Poland_Glossary.xlsx,Glossary,154
Name,Piotr Kowal,P. Kowal,Left,Poland,1,FINAL_NER_2025_17_01/Glossary/Poland_Glossary.xlsx,Glossary,155
Name,Marcin Przydacz,Marcin Przydacz,Law and Justice,Poland,1,FINAL_NER_2025_17_01/Glossary/Poland_Glossary.xlsx,Glossary,156
Name,Marcelina Zawisza,"Marcelina Zawisza, Zawisza",Left Together,Poland,1,FINAL_NER_2025_17_01/Glossary/Poland_Glossary.xlsx,Glossary,157
Name,Małgorzata Gromadzka,Malgorzata Gromadzka,Civic Coalition,Poland,1,FINAL_NER_2025_17_01/Glossary/Poland_Glossary.xlsx,Glossary,158
Name,Zofia Malisz,Zofia Malisz,Left Together,Poland,1,FINAL_NER_2025_17_01/Glossary/Poland_Glossary.xlsx,Glossary,159
Name,Paulina Matysiak,"Paulina Matysiak, Matysiak",Left Together,Poland,1,FINAL_NER_2025_17_01/Glossary/Poland_Glossary.xlsx,Glossary,160
Name,Justin Trudeau,Trudeau,Liberal Party of Canada,Canada,0,FINAL_NER_2025_17_01/Glossary/Poland_Glossary.xlsx,Glossary,161
Name,Robert Fico,Fico,Direction – Social Democracy,Slovakia,1,FINAL_NER_2025_17_01/Glossary/Poland_Glossary.xlsx,Glossary,162
Name,Magdalena Adamowicz,"Magda Adamowicz, M. Adamowicz",Civic Coalition,Poland,1,FINAL_NER_2025_17_01/Glossary/Poland_Glossary.xlsx,Glossary,163
Name,Anna Zabska,Anna Zabska,Civic Platform,Poland,1,FINAL_NER_2025_17_01/Glossary/Poland_Glossary.xlsx,Glossary,164
Name,Krzysztof Śmiszek,Krzysztof Smiszek,The Left,Poland,1,FINAL_NER_2025_17_01/Glossary/Poland_Glossary.xlsx,Glossary,165
Name,Alicja Lepkowska-Golas,Alicja Lepkowska-Golas,Civic Platform,Poland,1,FINAL_NER_2025_17_01/Glossary/Poland_Glossary.xlsx,Glossary,166
Name,Michał Kamiński,Misiek Kaminski,Third Way,Poland,1,FINAL_NER_2025_17_01/Glossary/Poland_Glossary.xlsx,Glossary,167
Party,Polish People's Party,PSL,Polish People's Party,Unknown,0,FINAL_NER_2025_17_01/Glossary/Poland_Glossary.xlsx,Glossary,168
Name,Bożena Przyłuska,"Bozena Przyluska, Przyluska Bozena",The Left,Poland,1,FINAL_NER_2025_17_01/Glossary/Poland_Glossary.xlsx,Glossary,169
Name,George Bush,Bush,Republican Party,United States,0,FINAL_NER_2025_17_01/Glossary/Poland_Glossary.xlsx,Glossary,170
Name,Paweł Kukiz,Kukiz,Kukiz'15,Poland,1,FINAL_NER_2025_17_01/Glossary/Poland_Glossary.xlsx,Glossary,171
Name,Leszek Balcerowicz,Balcerowicz,Civic Platform,Poland,1,FINAL_NER_2025_17_01/Glossary/Poland_Glossary.xlsx,Glossary,172
Name,Urszula Zielińska,Zielińska,The Greens,Poland,1,FINAL_NER_2025_17_01/Glossary/Poland_Glossary.xlsx,Glossary,173
Name,Marta Lempart,Lempart,All-Poland Women's Strike,Poland,1,FINAL_NER_2025_17_01/Glossary/Poland_Glossary.xlsx,Glossary,174
Name,Piotr Kraśko,Kraśko,Civic Platform,Poland,1,FINAL_NER_2025_17_01/Glossary/Poland_Glossary.xlsx,Glossary,175
Name,Jakub Wilk,Wilk,Others,Poland,1,FINAL_NER_2025_17_01/Glossary/Poland_Glossary.xlsx,Glossary,176
Name,Marcin Sypniewski,"Marcin Sypniewski, Sypniewski",Confederation Liberty and Independence ,Poland,1,FINAL_NER_2025_17_01/Glossary/Poland_Glossary.xlsx,Glossary,177
Name,Sylwia Bielawska,Sylwia Bielawska,Civic Platform,Poland,1,FINAL_NER_2025_17_01/Glossary/Poland_Glossary.xlsx,Glossary,178
Name,Grzegorz Płaczek,Płaczek-Kobiór,Confederation Liberty and Independence,Poland,1,FINAL_NER_2025_17_01/Glossary/Poland_Glossary.xlsx,Glossary,179
Name,Marcin Horała,Horała,Law and Justice,Poland,1,FINAL_NER_2025_17_01/Glossary/Poland_Glossary.xlsx,Glossary,180
Name,Maciej Wąsik,"Wąsik, M. Wąsik",Law and Justice,Poland,1,FINAL_NER_2025_17_01/Glossary/Poland_Glossary.xlsx,Glossary,181
Name,Aleksander Miszalski,Miszalski,Civic Platform,Poland,1,FINAL_NER_2025_17_01/Glossary/Poland_Glossary.xlsx,Glossary,182
Name,Łukasz Kohut,"Lukasz Kohut, Kohut",Civic Coalition,Poland,1,FINAL_NER_2025_17_01/Glossary/Poland_Glossary.xlsx,Glossary,183
Name,Paulina Hennig-Kloska,"Hennig-Kloska, P. Hennig-Kloska",Third Way,Poland,1,FINAL_NER_2025_17_01/Glossary/Poland_Glossary.xlsx,Glossary,184
Name,Tomasz Grabarczyk,Grabarczyk,Confederation Liberty and Independence,Poland,1,FINAL_NER_2025_17_01/Glossary/Poland_Glossary.xlsx,Glossary,185
Name,Anna Baluch,Baluch,Law and Justice,Poland,1,FINAL_NER_2025_17_01/Glossary/Poland_Glossary.xlsx,Glossary,186
Name,Marek Jakubiak,Jakubiak,Confederation Liberty and Independence,Poland,1,FINAL_NER_2025_17_01/Glossary/Poland_Glossary.xlsx,Glossary,187
Name,Paweł Jabłoński,Jabłoński,Law and Justice,Poland,1,FINAL_NER_2025_17_01/Glossary/Poland_Glossary.xlsx,Glossary,188
Name,Austrian People's Party ,PARTY,Polish People's Party,Unknown,0,FINAL_NER_2025_17_01/Glossary/Poland_Glossary.xlsx,Glossary,189
Name,Charles Michel,Michel,Reformist Movement,Belguim,0,FINAL_NER_2025_17_01/Glossary/Poland_Glossary.xlsx,Glossary,190
Name,Joachim Brudziński,J. Brudziński,Law and Justice,Poland,1,FINAL_NER_2025_17_01/Glossary/Poland_Glossary.xlsx,Glossary,191
Name,Małgorzata Łoboda,Łoboda,Civic Coalition,Poland,1,FINAL_NER_2025_17_01/Glossary/Poland_Glossary.xlsx,Glossary,192
Name,Krzysztof Pamuła,Pamuła,Civic Platform,Poland,1,FINAL_NER_2025_17_01/Glossary/Poland_Glossary.xlsx,Glossary,193
Name,Dariusz Matecki,Matecki,Law and Justice,Poland,1,FINAL_NER_2025_17_01/Glossary/Poland_Glossary.xlsx,Glossary,194
Name,Hanna Gronkiewicz-Waltz,H. Gronkiewicz-Waltz,Civic Platform,Poland,1,FINAL_NER_2025_17_01/Glossary/Poland_Glossary.xlsx,Glossary,195
Name,Izabela Leszczyna,I. Leszczyna,Civic Platform,Poland,1,FINAL_NER_2025_17_01/Glossary/Poland_Glossary.xlsx,Glossary,196
Name,Monika Wielichowska,M. Wielichowska,Civic Platform,Poland,1,FINAL_NER_2025_17_01/Glossary/Poland_Glossary.xlsx,Glossary,197
Party,Basta!,"B. Pejo, B. Zelazowska, B. Bochenczak, B. Żelazowska",Basta!,Unknown,0,FINAL_NER_2025_17_01/Glossary/Poland_Glossary.xlsx,Glossary,198
Name,Adam Bielan,A. Bielan,Law and Justice,Poland,1,FINAL_NER_2025_17_01/Glossary/Poland_Glossary.xlsx,Glossary,199
Name,Margrethe Vestager,M. Vestager,Social Liberal Party,Denmark,1,FINAL_NER_2025_17_01/Glossary/Poland_Glossary.xlsx,Glossary,200
Name,Piotr Zgorzelski,P. Zgorzelski,Third Way,Poland,1,FINAL_NER_2025_17_01/Glossary/Poland_Glossary.xlsx,Glossary,201
Name,Adam Jarubas,"A. Jarubas, A A. Jarubas",Third Way,Poland,1,FINAL_NER_2025_17_01/Glossary/Poland_Glossary.xlsx,Glossary,202
Name,Joanna Borowiak,J. Borowiak,Law and Justice,Poland,1,FINAL_NER_2025_17_01/Glossary/Poland_Glossary.xlsx,Glossary,203
Name,Manfred Weber,M. Weber,Christian Social Union,Germany,1,FINAL_NER_2025_17_01/Glossary/Poland_Glossary.xlsx,Glossary,204
Party,Centre Party,C. Tomczyk,Centre Party,Unknown,0,FINAL_NER_2025_17_01/Glossary/Poland_Glossary.xlsx,Glossary,205
Name,Witold Zembaczyński,W. Zembaczyński,Civic Platform,Poland,1,FINAL_NER_2025_17_01/Glossary/Poland_Glossary.xlsx,Glossary,206
Name,Janusz Lewandowski,J. Lewandowski,Civic Coalition,Poland,1,FINAL_NER_2025_17_01/Glossary/Poland_Glossary.xlsx,Glossary,207
