Party_English,Paty_OwnLanguage,Abbreviation,country_names,source_file,source_sheet,source_row
GERB–SDS,ГЕРБ-СДС,GERB-SDS,Bulgaria,party_names_merged 4(1) (2).xlsx,Sheet1,2
Movement for Rights and Freedoms,Движение за права и свободи,DPS,Bulgaria,party_names_merged 4(1) (2).xlsx,Sheet1,3
We Continue the Change – Democratic Bulgaria,Продължаваме промяната - Демократична България,PP-DB,Bulgaria,party_names_merged 4(1) (2).xlsx,Sheet1,4
Vazrazhdane (Revival),Възраждане,Revival,Bulgaria,party_names_merged 4(1) (2).xlsx,Sheet1,5
BSP for Bulgaria,Българска социалистическа партия за България,BSPb,Bulgaria,party_names_merged 4(1) (2).xlsx,Sheet1,6
There is Such a People,Има такъв народ,ITN,Bulgaria,party_names_merged 4(1) (2).xlsx,Sheet1,7
Velichie,Величие,Velichie,Bulgaria,party_names_merged 4(1) (2).xlsx,Sheet1,8
"Morality, Unity, Honour","Морал, Единство, Чест",MORALE,Bulgaria,party_names_merged 4(1) (2).xlsx,Sheet1,9
VMRO – Bulgarian National Movement,Българско национално движение,VMRO-BND,Bulgaria,party_names_merged 4(1) (2).xlsx,Sheet1,10
Blue Bulgaria[bg],Синя България,BB,Bulgaria,party_names_merged 4(1) (2).xlsx,Sheet1,11
Solidary Bulgaria,Солидарна България,SB,Bulgaria,party_names_merged 4(1) (2).xlsx,Sheet1,12
Center,Център,Center,Bulgaria,party_names_merged 4(1) (2).xlsx,Sheet1,13
Party of the Greens,Партия на Зелените,Greens,Bulgaria,party_names_merged 4(1) (2).xlsx,Sheet1,14
Independent candidate Kuzman Iliev,Независим кандидат Кузман Илиев,NA,Bulgaria,party_names_merged 4(1) (2).xlsx,Sheet1,15
The Left!,Левицата,The Left,Bulgaria,party_names_merged 4(1) (2).xlsx,Sheet1,16
Bulgarian Rise,Български възход,BV,Bulgaria,party_names_merged 4(1) (2).xlsx,Sheet1,17
Green Movement,Зелено движение,Greens,Bulgaria,party_names_merged 4(1) (2).xlsx,Sheet1,18
People's Voice,Народен глас,PV,Bulgaria,party_names_merged 4(1) (2).xlsx,Sheet1,19
Direct Democracy[bg],Пряка демокрация,DD,Bulgaria,party_names_merged 4(1) (2).xlsx,Sheet1,20
We Are Coming,Идваме,We are Coming,Bulgaria,party_names_merged 4(1) (2).xlsx,Sheet1,21
We the Citizens,"Ние, Гражданите",WC,Bulgaria,party_names_merged 4(1) (2).xlsx,Sheet1,22
Unification,Обединение,Unification,Bulgaria,party_names_merged 4(1) (2).xlsx,Sheet1,23
Bulgarian Voice,Български глас,BV,Bulgaria,party_names_merged 4(1) (2).xlsx,Sheet1,24
Citizens Bloc,Граждански блок,CB,Bulgaria,party_names_merged 4(1) (2).xlsx,Sheet1,25
Coalition of the Rose[bg],Коалиция на розата,CR,Bulgaria,party_names_merged 4(1) (2).xlsx,Sheet1,26
Society for a New Bulgaria[bg],Общество за нова България,SNB,Bulgaria,party_names_merged 4(1) (2).xlsx,Sheet1,27
Bulgarian National Union – New Democracy,Български национален съюз – Нова демокрация,BNU-ND,Bulgaria,party_names_merged 4(1) (2).xlsx,Sheet1,28
For a Great Bulgaria,За велика България,FGB,Bulgaria,party_names_merged 4(1) (2).xlsx,Sheet1,29
"People's Party ""Truth and Only the Truth""[bg]",Народна партия Истината и само истината,PPTOT,Bulgaria,party_names_merged 4(1) (2).xlsx,Sheet1,30
Bulgarian National Unification,Българско национално обединение,BNU,Bulgaria,party_names_merged 4(1) (2).xlsx,Sheet1,31
Bulgarian Union for Direct Democracy[bg],Български съюз за пряка демокрация,BUDD,Bulgaria,party_names_merged 4(1) (2).xlsx,Sheet1,32
GERB—SDS,ГЕРБ-СДС,GERB—SDS,Bulgaria,party_names_merged 4(1) (2).xlsx,Sheet1,33
Bulgarian Socialist Party,Българска социалистическа партия,BSP,Bulgaria,party_names_merged 4(1) (2).xlsx,Sheet1,34
Movement for Rights and Freedoms,Движение за права и свободи,DPS,Bulgaria,party_names_merged 4(1) (2).xlsx,Sheet1,35
IMRO – Bulgarian National Movement,ВМРО – Българско национално движение,VMRO,Bulgaria,party_names_merged 4(1) (2).xlsx,Sheet1,36
Democratic Bulgaria,Демократична България,DB,Bulgaria,party_names_merged 4(1) (2).xlsx,Sheet1,37
Volya Movement,Движение Воля,Volya,Bulgaria,party_names_merged 4(1) (2).xlsx,Sheet1,38
Patriots for Valeri Simeonov (NFSB–SEK),Патриоти за Валери Симеонов (НФСБ–СЕК),NFSB-SEK,Bulgaria,party_names_merged 4(1) (2).xlsx,Sheet1,39
NDSV–New Time,НДСВ–Ново време,NDSV-NV,Bulgaria,party_names_merged 4(1) (2).xlsx,Sheet1,40
Attack,Атака,Attack,Bulgaria,party_names_merged 4(1) (2).xlsx,Sheet1,41
Revival,Възраждане,Revival,Bulgaria,party_names_merged 4(1) (2).xlsx,Sheet1,42
Coalition for Bulgaria,Коалиция за България,KZB,Bulgaria,party_names_merged 4(1) (2).xlsx,Sheet1,43
"Democrats for Responsibility, Solidarity and Tolerance","Демократи за отговорност, солидарност и толерантност",DOST,Bulgaria,party_names_merged 4(1) (2).xlsx,Sheet1,44
People's Voice,Народен глас,NV,Bulgaria,party_names_merged 4(1) (2).xlsx,Sheet1,45
Party of Greens,Партия на Зелените,Greens,Bulgaria,party_names_merged 4(1) (2).xlsx,Sheet1,46
Movement 21,Движение 21,D21,Bulgaria,party_names_merged 4(1) (2).xlsx,Sheet1,47
Reload Bulgaria,Презареди България,RB,Bulgaria,party_names_merged 4(1) (2).xlsx,Sheet1,48
Together Movement,Движение Заедно,DM,Bulgaria,party_names_merged 4(1) (2).xlsx,Sheet1,49
VOLT,ВОЛТ,VOLT,Bulgaria,party_names_merged 4(1) (2).xlsx,Sheet1,50
Direct Democracy,Пряка демокрация,DD,Bulgaria,party_names_merged 4(1) (2).xlsx,Sheet1,51
Bulgarian National Unification,Българско национално обединение,BNO,Bulgaria,party_names_merged 4(1) (2).xlsx,Sheet1,52
Rise (RDP–ENP–BNF Chicago–SSD–BDS R),Възход (РДП–ЕНП–БНФ Чикаго–ССД–БДС Р),Rise,Bulgaria,party_names_merged 4(1) (2).xlsx,Sheet1,53
Independents,Независими,NA,Bulgaria,party_names_merged 4(1) (2).xlsx,Sheet1,54
Croatian Democratic Union,Hrvatska demokratska zajednica​,HDZ,Croatia,party_names_merged 4(1) (2).xlsx,Sheet1,55
Rivers of Justice,Rijeke pravde,SDP+,Croatia,party_names_merged 4(1) (2).xlsx,Sheet1,56
Homeland Movement,Domovinski pokret​,DP,Croatia,party_names_merged 4(1) (2).xlsx,Sheet1,57
We can!,Možemo!​,Mozemo!,Croatia,party_names_merged 4(1) (2).xlsx,Sheet1,58
Fair Play List 9,NA,NA,Croatia,party_names_merged 4(1) (2).xlsx,Sheet1,59
Independent list of Nina Skočak,Nine Skočak,NA,Croatia,party_names_merged 4(1) (2).xlsx,Sheet1,60
The Bridge–HS–HSP,Most nezavisnih lista – Hrvatska stranka – Hrvatska stranka prava,Most-HS-HSP,Croatia,party_names_merged 4(1) (2).xlsx,Sheet1,61
Law and Justice,Pravo i Pravda​,PIP,Croatia,party_names_merged 4(1) (2).xlsx,Sheet1,62
Determination and Justice[hr],Odluka i pravda,OIP,Croatia,party_names_merged 4(1) (2).xlsx,Sheet1,63
Independent list of Ladislav Ilčić,Ladislava Ilčića,NA,Croatia,party_names_merged 4(1) (2).xlsx,Sheet1,64
Ričard Independent,Ričarda,NA,Croatia,party_names_merged 4(1) (2).xlsx,Sheet1,65
Croatian Party of Pensioners,Hrvatska stranka umirovljenika​,HSU,Croatia,party_names_merged 4(1) (2).xlsx,Sheet1,66
Workers' Front,Radnička fronta​,RF,Croatia,party_names_merged 4(1) (2).xlsx,Sheet1,67
Pensioners Together,Stranka umirovljenika​,SU,Croatia,party_names_merged 4(1) (2).xlsx,Sheet1,68
Movement for Animals,Pokret za životinje,NA,Croatia,party_names_merged 4(1) (2).xlsx,Sheet1,69
Agrarian Party,Agrarna stranka,AS,Croatia,party_names_merged 4(1) (2).xlsx,Sheet1,70
Party of Ivan Pernar,Stranka Ivana Pernara​,SIP,Croatia,party_names_merged 4(1) (2).xlsx,Sheet1,71
Green Alternative – ORaH,Održivi razvoj Hrvatske – ORaH​,ORaH,Croatia,party_names_merged 4(1) (2).xlsx,Sheet1,72
Autochthonous Croatian Party of Rights,Autohtona-Hrvatska stranka prava​,A-HSP,Croatia,party_names_merged 4(1) (2).xlsx,Sheet1,73
Republic,Republika,Republika,Croatia,party_names_merged 4(1) (2).xlsx,Sheet1,74
Movement for a Modern Croatia,Pokret za modernu Hrvatsku,NA,Croatia,party_names_merged 4(1) (2).xlsx,Sheet1,75
Croatian Civil Resistance Party,Stranka hrvatskog građanskog otpora,NA,Croatia,party_names_merged 4(1) (2).xlsx,Sheet1,76
Dalmatian Action,Dalmatinska akcija,NA,Croatia,party_names_merged 4(1) (2).xlsx,Sheet1,77
Righteous Croatia,Pravedna Hrvatska,NA,Croatia,party_names_merged 4(1) (2).xlsx,Sheet1,78
Public Good,Javno dobro,NA,Croatia,party_names_merged 4(1) (2).xlsx,Sheet1,79
Croatian Democratic Union,Hrvatska demokratska zajednica,HDZ,Croatia,party_names_merged 4(1) (2).xlsx,Sheet1,80
Social Democratic Party,Socijaldemokratska partija Hrvatske​,SDP,Croatia,party_names_merged 4(1) (2).xlsx,Sheet1,81
HRAST–HKS–HSP AS–UHD,HRAST–Hrvatska konzervativna stranka–Hrvatska stranka prava dr. Ante Starčević–Ujedinjeni Hrvatski Domoljubi,HRAST–HKS–HSP AS–UHD,Croatia,party_names_merged 4(1) (2).xlsx,Sheet1,82
Independent Candidate – Mislav Kolakušić,Mislav Kolakušić,NA,Croatia,party_names_merged 4(1) (2).xlsx,Sheet1,83
Human Shield,Živi zid,ZZ,Croatia,party_names_merged 4(1) (2).xlsx,Sheet1,84
HSS–GLAS–IDS–HSU–PGS–DEMOKRATI–LABURISTI,HSS–Građansko-liberalni savez–Istarski demokratski sabor–Hrvatska stranka umirovljenika–Primorsko-goranski savez–Demokrati–Hrvatski laburisti,HSS–GLAS–IDS–HSU–PGS–DEMOKRATI–LABURISTI,Croatia,party_names_merged 4(1) (2).xlsx,Sheet1,85
Bridge of Independent Lists,Most nezavisnih lista,MOST,Croatia,party_names_merged 4(1) (2).xlsx,Sheet1,86
Independent Candidate – Marijana Petir,Marijana Petir,NA,Croatia,party_names_merged 4(1) (2).xlsx,Sheet1,87
NHR–HSP,Neovisni za Hrvatsku–Hrvatska stranka prava,NHR–HSP,Croatia,party_names_merged 4(1) (2).xlsx,Sheet1,88
Independent Democratic Serb Party,Samostalna demokratska srpska stranka,SDSS,Croatia,party_names_merged 4(1) (2).xlsx,Sheet1,89
Croatian People's Party – Liberal Democrats,Hrvatska narodna stranka – Liberalni demokrati,HNS-LD,Croatia,party_names_merged 4(1) (2).xlsx,Sheet1,90
"Party of Anti-corruption, Development and Transparency","Stranka protiv korupcije, razvoja i transparentnosti",NA,Croatia,party_names_merged 4(1) (2).xlsx,Sheet1,91
Bandić Milan 365 – Labour and Solidarity Party,Bandić Milan 365 – Stranka rada i solidarnosti,BM-365,Croatia,party_names_merged 4(1) (2).xlsx,Sheet1,92
We can!–NL–ORaH,Možemo!–Nova ljevica–Održivi razvoj Hrvatske,Možemo!–NL–ORaH,Croatia,party_names_merged 4(1) (2).xlsx,Sheet1,93
Pametno–UK,Pametno–Unija Kvarnera,Pametno–UK,Croatia,party_names_merged 4(1) (2).xlsx,Sheet1,94
People's Party – Reformists,Narodna stranka – Reformisti,NA,Croatia,party_names_merged 4(1) (2).xlsx,Sheet1,95
Green List,Zelena lista,NA,Croatia,party_names_merged 4(1) (2).xlsx,Sheet1,96
Croatian Social Liberal Party,Hrvatska socijalno-liberalna stranka,HSLS,Croatia,party_names_merged 4(1) (2).xlsx,Sheet1,97
Croatian Democratic Party,Hrvatska demokratska stranka,NA,Croatia,party_names_merged 4(1) (2).xlsx,Sheet1,98
Authentic Croatian Party of Rights,Autohtona–Hrvatska stranka prava,A-HSP,Croatia,party_names_merged 4(1) (2).xlsx,Sheet1,99
Let's Unblock Croatia,Odblokirajmo Hrvatsku,NA,Croatia,party_names_merged 4(1) (2).xlsx,Sheet1,100
Party of People's and Civic Action,Stranka narodnog i građanskog djelovanja,NA,Croatia,party_names_merged 4(1) (2).xlsx,Sheet1,101
Croatian Demochristian Party,Hrvatska demokršćanska stranka,HDS,Croatia,party_names_merged 4(1) (2).xlsx,Sheet1,102
RF–SRP,Radnička fronta–Socijalistička radnička partija,RF-SRP,Croatia,party_names_merged 4(1) (2).xlsx,Sheet1,103
Movement for a Modern Croatia,Pokret za modernu Hrvatsku,NA,Croatia,party_names_merged 4(1) (2).xlsx,Sheet1,104
Democratic Alliance of Serbs,Demokratski savez Srba,NA,Croatia,party_names_merged 4(1) (2).xlsx,Sheet1,105
Croatian Defence People's Party,Hrvatska obrambena narodna stranka,NA,Croatia,party_names_merged 4(1) (2).xlsx,Sheet1,106
My Beloved Croatia,Moja voljena Hrvatska,NA,Croatia,party_names_merged 4(1) (2).xlsx,Sheet1,107
Zagorje Party for Zagreb,Zagorska stranka za Zagreb,NA,Croatia,party_names_merged 4(1) (2).xlsx,Sheet1,108
Free Croatia,Slobodna Hrvatska,NA,Croatia,party_names_merged 4(1) (2).xlsx,Sheet1,109
Croatian Community Party,Stranka hrvatske zajednice,NA,Croatia,party_names_merged 4(1) (2).xlsx,Sheet1,110
Croatian Party of Order,Stranka hrvatskog reda,NA,Croatia,party_names_merged 4(1) (2).xlsx,Sheet1,111
Freedom Party of Croatia,Stranka slobode Hrvatske,NA,Croatia,party_names_merged 4(1) (2).xlsx,Sheet1,112
National Coalition Party,Kokoomus,KOK,Finland,party_names_merged 4(1) (2).xlsx,Sheet1,113
Left Alliance,Vasemmistoliitto,VAS,Finland,party_names_merged 4(1) (2).xlsx,Sheet1,114
Social Democratic Party of Finland,Suomen Sosialidemokraattinen Puolue,SDP,Finland,party_names_merged 4(1) (2).xlsx,Sheet1,115
Centre Party,Suomen Keskusta,KESK,Finland,party_names_merged 4(1) (2).xlsx,Sheet1,116
Green League,Vihreä liitto,VIHR,Finland,party_names_merged 4(1) (2).xlsx,Sheet1,117
Finns Party,Perussuomalaiset,PS,Finland,party_names_merged 4(1) (2).xlsx,Sheet1,118
Swedish People's Party of Finland,Suomen ruotsalainen kansanpuolue,RKP,Finland,party_names_merged 4(1) (2).xlsx,Sheet1,119
Christian Democrats,Kristillisdemokraatit,KD,Finland,party_names_merged 4(1) (2).xlsx,Sheet1,120
Freedom Alliance,Vapausliitto,-,Finland,party_names_merged 4(1) (2).xlsx,Sheet1,121
Movement Now,Liike Nyt,LIIKE,Finland,party_names_merged 4(1) (2).xlsx,Sheet1,122
Liberal Party – Freedom to Choose,Liberaalipuolue – Vapaus valita,LIBE,Finland,party_names_merged 4(1) (2).xlsx,Sheet1,123
Communist Party of Finland,Suomen Kommunistinen Puolue,SKP,Finland,party_names_merged 4(1) (2).xlsx,Sheet1,124
The Open Party,Avoin puolue,AVOIN,Finland,party_names_merged 4(1) (2).xlsx,Sheet1,125
Truth Party,Totuuspuolue,-,Finland,party_names_merged 4(1) (2).xlsx,Sheet1,126
National Coalition Party,Kokoomus,KOK,Finland,party_names_merged 4(1) (2).xlsx,Sheet1,127
Green League,Vihreä liitto,VIHR,Finland,party_names_merged 4(1) (2).xlsx,Sheet1,128
Social Democratic Party,Suomen Sosialidemokraattinen Puolue,SDP,Finland,party_names_merged 4(1) (2).xlsx,Sheet1,129
Finns Party,Perussuomalaiset,PS,Finland,party_names_merged 4(1) (2).xlsx,Sheet1,130
Centre Party,Suomen Keskusta,KESK,Finland,party_names_merged 4(1) (2).xlsx,Sheet1,131
Left Alliance,Vasemmistoliitto,VAS,Finland,party_names_merged 4(1) (2).xlsx,Sheet1,132
Swedish People's Party of Finland,Suomen ruotsalainen kansanpuolue,RKP,Finland,party_names_merged 4(1) (2).xlsx,Sheet1,133
Christian Democrats,Kristillisdemokraatit,KD,Finland,party_names_merged 4(1) (2).xlsx,Sheet1,134
Seven Star Movement,Seitsemän tähden liike,STL,Finland,party_names_merged 4(1) (2).xlsx,Sheet1,135
Pirate Party,Piraattipuolue,Piraattipuolue,Finland,party_names_merged 4(1) (2).xlsx,Sheet1,136
Blue Reform,Sininen tulevaisuus,SIN,Finland,party_names_merged 4(1) (2).xlsx,Sheet1,137
Feminist Party,Feministinen puolue​,FP,Finland,party_names_merged 4(1) (2).xlsx,Sheet1,138
Communist Party of Finland,Suomen Kommunistinen Puolue,SKP,Finland,party_names_merged 4(1) (2).xlsx,Sheet1,139
Liberal Party – Freedom to Choose,Liberaalipuolue – Vapaus valita,LIBE,Finland,party_names_merged 4(1) (2).xlsx,Sheet1,140
Animal Justice Party,Eläinoikeuspuolue,EOP,Finland,party_names_merged 4(1) (2).xlsx,Sheet1,141
Finnish People First,Suomen Kansa Ensin,SKE,Finland,party_names_merged 4(1) (2).xlsx,Sheet1,142
Citizens' Party,Kansalaispuolue​,KP,Finland,party_names_merged 4(1) (2).xlsx,Sheet1,143
Independents,Sitoutumattomat,NA,Finland,party_names_merged 4(1) (2).xlsx,Sheet1,144
National Rally–LAF–LDP,Rassemblement National–Ligue des Agriculteurs Français–Les Démocrates Populaires,RN,France,party_names_merged 4(1) (2).xlsx,Sheet1,145
Renaissance–MoDem–Horizons–RAD–UDI–FP–FED–CD–CÉR,Renaissance–MoDem–Horizons–Parti Radical–Union des Démocrates et Indépendants–Force Parisienne–Front Européen Démocrate–Centre Démocrate–Centre Écologiste Radical,Besoin d'Europe,France,party_names_merged 4(1) (2).xlsx,Sheet1,146
Socialist Party–Place Publique,Parti Socialiste–Place Publique,Réveiller l'Europe,France,party_names_merged 4(1) (2).xlsx,Sheet1,147
La France Insoumise–PG–GES–REV–Péyi-A–PLR,La France Insoumise–Parti de Gauche–Génération.s–Révolution Écologique–Péyi-A–Parti de la Liberté et de la Révolution,LFI,France,party_names_merged 4(1) (2).xlsx,Sheet1,148
The Republicans–The Centrists,Les Républicains–Les Centristes,LR–LC,France,party_names_merged 4(1) (2).xlsx,Sheet1,149
The Ecologists–AA,Les Écologistes–Europe Ecologie Les Verts,LE–EELV,France,party_names_merged 4(1) (2).xlsx,Sheet1,150
Reconquête–MC,Reconquête–Mouvement Citoyen,REC–MC,France,party_names_merged 4(1) (2).xlsx,Sheet1,151
French Communist Party–FGR–PCR–PCM–HeD,Parti Communiste Français–Front Gauche Républicain–Parti Communiste Révolutionnaire–Parti Communiste Martiniquais–Héritiers de la Déportation,PCF–FGR–PCR–PCM–HeD,France,party_names_merged 4(1) (2).xlsx,Sheet1,152
Rural Alliance,Alliance Rurale,AR,France,party_names_merged 4(1) (2).xlsx,Sheet1,153
Animalist Party,Parti Animaliste,PA,France,party_names_merged 4(1) (2).xlsx,Sheet1,154
Ecology at the Centre–EÉÉ–RUE–GA–Ecqo–LaFRA,Écologie au Centre–Europe Écologie–Rue–Gauche Alternative–Écologistes Conscients et Quotidiens–La France Responsable et Alternative,EAC–EÉÉ–RUE–GA–Ecqo–LaFRA,France,party_names_merged 4(1) (2).xlsx,Sheet1,155
Popular Republican Union,Union Populaire Républicaine,UPR,France,party_names_merged 4(1) (2).xlsx,Sheet1,156
The Patriots–VIA,Les Patriotes–VIA,LP–VIA,France,party_names_merged 4(1) (2).xlsx,Sheet1,157
Lutte Ouvrière–Combat Ouvrier,Lutte Ouvrière–Combat Ouvrier,LO–CO,France,party_names_merged 4(1) (2).xlsx,Sheet1,158
Positive Ecology–Cap21–FÉ–Le Trèfle–LU–100%C–MPA–BNP,Écologie Positive–Cap21–France Écologie–Le Trèfle–Liberté et Union–100% Citoyens–Mouvement pour la Paix et l'Amour–Bonheur National pour le Peuple,EP–Cap21–FÉ–Trèfle–LU–100%C–MPA–BNP,France,party_names_merged 4(1) (2).xlsx,Sheet1,159
Équinoxe,Équinoxe,Équinoxe,France,party_names_merged 4(1) (2).xlsx,Sheet1,160
Radical Party of the Left–R&PS–Volt–MdP–MDC–CSDR,Parti Radical de Gauche–Radicaux de Gauche et Socialistes–Volt–Mouvement des Progressistes–Mouvement Démocrate et Citoyen–Collectif Social Démocrate Radical,PRG–R&PS–Volt–MdP–MDC–CSDR,France,party_names_merged 4(1) (2).xlsx,Sheet1,161
New Anticapitalist Party – Revolutionaries,Nouveau Parti Anticapitaliste – Révolutionnaires,NPA–R,France,party_names_merged 4(1) (2).xlsx,Sheet1,162
Pirate Party,Parti Pirate,PP,France,party_names_merged 4(1) (2).xlsx,Sheet1,163
Union of French Muslim Democrats,Union des Démocrates Musulmans Français,UDMF,France,party_names_merged 4(1) (2).xlsx,Sheet1,164
Sovereign Republic–L'Appel au peuple,République Souveraine–L'Appel au peuple,RS–AAP,France,party_names_merged 4(1) (2).xlsx,Sheet1,165
New Deal–Allons Enfants,Nouvelle Donne–Allons Enfants,ND–AE,France,party_names_merged 4(1) (2).xlsx,Sheet1,166
Europe–Democracy–Esperanto,Europe–Démocratie–Espéranto,EDE,France,party_names_merged 4(1) (2).xlsx,Sheet1,167
Party of European Citizens–ELLES,Parti des Citoyens Européens–ELLES,PCE–ELLES,France,party_names_merged 4(1) (2).xlsx,Sheet1,168
The Nationalists,Les Nationalistes,LN,France,party_names_merged 4(1) (2).xlsx,Sheet1,169
Free France–Union of the Resistance,France Libre–Union de la Résistance,FF–UR,France,party_names_merged 4(1) (2).xlsx,Sheet1,170
Defend the Children,Défendre les Enfants,DE,France,party_names_merged 4(1) (2).xlsx,Sheet1,171
Workers' Party,Parti des Travailleurs,PT,France,party_names_merged 4(1) (2).xlsx,Sheet1,172
La Ruche Citoyenne,La Ruche Citoyenne,LRC,France,party_names_merged 4(1) (2).xlsx,Sheet1,173
Citizens' Federation,Fédération des Citoyens,FC,France,party_names_merged 4(1) (2).xlsx,Sheet1,174
EPPOC–Brouette–Décroissance,EPPOC–Brouette–Décroissance,EPPOC–B–D,France,party_names_merged 4(1) (2).xlsx,Sheet1,175
National Association of Communists,Association Nationale des Communistes,ANC,France,party_names_merged 4(1) (2).xlsx,Sheet1,176
Stay Free,Rester Libre,RL,France,party_names_merged 4(1) (2).xlsx,Sheet1,177
Communist Revolutionary Party,Parti Communiste Révolutionnaire,PCR,France,party_names_merged 4(1) (2).xlsx,Sheet1,178
Let's Decide Ourselves!,Décidons Nous-Mêmes!,DNM,France,party_names_merged 4(1) (2).xlsx,Sheet1,179
French Democratic Freedom–New Patriotic Emergence,Liberté Démocratique Française–Nouvelle Émergence Patriotique,LDF–NEP,France,party_names_merged 4(1) (2).xlsx,Sheet1,180
For a Sovereign Humanity,Pour une Humanité Souveraine,PHS,France,party_names_merged 4(1) (2).xlsx,Sheet1,181
Representative Democracy,Démocratie Représentative,DR,France,party_names_merged 4(1) (2).xlsx,Sheet1,182
National Rally,Rassemblement National,RN,France,party_names_merged 4(1) (2).xlsx,Sheet1,183
La République En Marche–Democratic Movement,Renaissance–Mouvement Démocratique,RE–MoDem,France,party_names_merged 4(1) (2).xlsx,Sheet1,184
Europe Ecology – The Greens,Europe Écologie – Les Verts,EELV,France,party_names_merged 4(1) (2).xlsx,Sheet1,185
The Republicans–The Centrists,Les Républicains–Les Centristes,LR–LC,France,party_names_merged 4(1) (2).xlsx,Sheet1,186
La France Insoumise,La France Insoumise,LFI,France,party_names_merged 4(1) (2).xlsx,Sheet1,187
Socialist Party–Place Publique–New Deal,Parti Socialiste–Place Publique–Nouvelle Donne,PS–PP–ND,France,party_names_merged 4(1) (2).xlsx,Sheet1,188
Debout la France–CNIP,Debout la France–Centre National des Indépendants et Paysans,DLF–CNIP,France,party_names_merged 4(1) (2).xlsx,Sheet1,189
Génération.s,Génération.s,GEN,France,party_names_merged 4(1) (2).xlsx,Sheet1,190
Union of Democrats and Independents,Union des Démocrates et Indépendants,UDI,France,party_names_merged 4(1) (2).xlsx,Sheet1,191
French Communist Party,Parti Communiste Français,PCF,France,party_names_merged 4(1) (2).xlsx,Sheet1,192
Animalist Party,Parti Animaliste,PA,France,party_names_merged 4(1) (2).xlsx,Sheet1,193
GE–MEI–MdP,Génération Écologie–Mouvement Écologiste Indépendant–Mouvement de Progressistes,GE–MEI–MdP,France,party_names_merged 4(1) (2).xlsx,Sheet1,194
Popular Republican Union,Union Populaire Républicaine,UPR,France,party_names_merged 4(1) (2).xlsx,Sheet1,195
Lutte Ouvrière,Lutte Ouvrière,LO,France,party_names_merged 4(1) (2).xlsx,Sheet1,196
The Patriots,Les Patriotes,LP,France,party_names_merged 4(1) (2).xlsx,Sheet1,197
Yellow Alliance,Alliance Jaune,AJ,France,party_names_merged 4(1) (2).xlsx,Sheet1,198
National Coordination of Independents,Coordination Nationale des Indépendants,CNI,France,party_names_merged 4(1) (2).xlsx,Sheet1,199
Pirate Party,Parti Pirate,PP,France,party_names_merged 4(1) (2).xlsx,Sheet1,200
Union of French Muslim Democrats,Union des Démocrates Musulmans Français,UDMF,France,party_names_merged 4(1) (2).xlsx,Sheet1,201
Europe–Democracy–Esperanto,Europe–Démocratie–Espéranto,EDE,France,party_names_merged 4(1) (2).xlsx,Sheet1,202
European Federalist Party,Parti Fédéraliste Européen,PFE,France,party_names_merged 4(1) (2).xlsx,Sheet1,203
Association of Objectors to Growth,Association des Objecteurs de Croissance,ADOC,France,party_names_merged 4(1) (2).xlsx,Sheet1,204
Let's Go Children,Allons Enfants,AE,France,party_names_merged 4(1) (2).xlsx,Sheet1,205
Equal Voice,Voix Égale,VE,France,party_names_merged 4(1) (2).xlsx,Sheet1,206
European Citizens' Party,Parti des Citoyens Européens,PCE,France,party_names_merged 4(1) (2).xlsx,Sheet1,207
Movement for the Citizen's Initiative,Mouvement pour l'Initiative Citoyenne,MIC,France,party_names_merged 4(1) (2).xlsx,Sheet1,208
"Democratic Union for Liberty, Equality, Fraternity","Union Démocratique pour la Liberté, l'Égalité, la Fraternité",UDLEF,France,party_names_merged 4(1) (2).xlsx,Sheet1,209
French Dissidence,Dissidence Française,DF,France,party_names_merged 4(1) (2).xlsx,Sheet1,210
Alliance Royale,Alliance Royale,AR,France,party_names_merged 4(1) (2).xlsx,Sheet1,211
La Révolution Est En Marche,La Révolution Est En Marche,LREM,France,party_names_merged 4(1) (2).xlsx,Sheet1,212
Citizen Evolution,Évolution Citoyenne,EC,France,party_names_merged 4(1) (2).xlsx,Sheet1,213
"Sovereignty, Independence and Liberties–Innocence Party","Souveraineté, Indépendance et Libertés–Parti de l'Innocence",SIL–PI,France,party_names_merged 4(1) (2).xlsx,Sheet1,214
Revolutionary Communist Party,Parti Communiste Révolutionnaire,PCR,France,party_names_merged 4(1) (2).xlsx,Sheet1,215
Neutral and Active,Neutre et Actif,NA,France,party_names_merged 4(1) (2).xlsx,Sheet1,216
Christian Democratic Union of Germany,Christlich Demokratische Union Deutschlands,CDU,Germany,party_names_merged 4(1) (2).xlsx,Sheet1,217
Alternative for Germany,Alternative für Deutschland,AfD,Germany,party_names_merged 4(1) (2).xlsx,Sheet1,218
Social Democratic Party of Germany,Sozialdemokratische Partei Deutschlands,SPD,Germany,party_names_merged 4(1) (2).xlsx,Sheet1,219
Alliance 90,Bündnis 90/Die Grünen,Greens,Germany,party_names_merged 4(1) (2).xlsx,Sheet1,220
Christian Social Union in Bavaria,Christlich-Soziale Union in Bayern,CSU,Germany,party_names_merged 4(1) (2).xlsx,Sheet1,221
Bündnis Sahra Wagenknecht,Bündnis Sahra Wagenknecht,BSW,Germany,party_names_merged 4(1) (2).xlsx,Sheet1,222
Free Democratic Party,Freie Demokratische Partei,FDP,Germany,party_names_merged 4(1) (2).xlsx,Sheet1,223
The Left,Die Linke,Left,Germany,party_names_merged 4(1) (2).xlsx,Sheet1,224
Free Voters,Freie Wähler,FW,Germany,party_names_merged 4(1) (2).xlsx,Sheet1,225
Volt Germany,Volt Deutschland,Volt,Germany,party_names_merged 4(1) (2).xlsx,Sheet1,226
Die PARTEI,Die PARTEI,Die PARTEI,Germany,party_names_merged 4(1) (2).xlsx,Sheet1,227
Human Environment Animal Protection,Mensch Umwelt Tierschutz,Tierschutzpartei,Germany,party_names_merged 4(1) (2).xlsx,Sheet1,228
Ecological Democratic Party,Ökologisch-Demokratische Partei,ÖDP,Germany,party_names_merged 4(1) (2).xlsx,Sheet1,229
Family Party of Germany,Familien-Partei Deutschlands,FPD,Germany,party_names_merged 4(1) (2).xlsx,Sheet1,230
Party of Progress,Partei des Fortschritts,PDF,Germany,party_names_merged 4(1) (2).xlsx,Sheet1,231
Pirate Party Germany,Piratenpartei Deutschland,Pirates,Germany,party_names_merged 4(1) (2).xlsx,Sheet1,232
Action Party for Animal Welfare,Aktionspartei für Tierschutz,APT,Germany,party_names_merged 4(1) (2).xlsx,Sheet1,233
Bündnis Deutschland,Bündnis Deutschland,BD,Germany,party_names_merged 4(1) (2).xlsx,Sheet1,234
Democratic Alliance for Diversity and Awakening,Demokratische Allianz für Vielfalt und Erwachen,DAV,Germany,party_names_merged 4(1) (2).xlsx,Sheet1,235
MERA25 – United for European Independence,MERA25 – Gemeinsam für Europäische Unabhängigkeit,MERA25,Germany,party_names_merged 4(1) (2).xlsx,Sheet1,236
Voice of the Last Generation,Stimme der Letzten Generation,VLG,Germany,party_names_merged 4(1) (2).xlsx,Sheet1,237
Grassroots Democratic Party of Germany,Basisdemokratische Partei Deutschland,dieBasis,Germany,party_names_merged 4(1) (2).xlsx,Sheet1,238
Party of Humanists,Partei der Humanisten,PdH,Germany,party_names_merged 4(1) (2).xlsx,Sheet1,239
Alliance C – Christians for Germany,Bündnis C – Christen für Deutschland,AC,Germany,party_names_merged 4(1) (2).xlsx,Sheet1,240
V-Partei³,V-Partei³,V-Partei³,Germany,party_names_merged 4(1) (2).xlsx,Sheet1,241
Human World,Menschliche Welt,MW,Germany,party_names_merged 4(1) (2).xlsx,Sheet1,242
The Homeland,Die Heimat,DH,Germany,party_names_merged 4(1) (2).xlsx,Sheet1,243
Klimaliste Deutschland,Klimaliste Deutschland,KL,Germany,party_names_merged 4(1) (2).xlsx,Sheet1,244
Alliance for Innovation and Justice,Allianz für Innovation und Gerechtigkeit,BIG,Germany,party_names_merged 4(1) (2).xlsx,Sheet1,245
Party of Reason,Partei der Vernunft,PdV,Germany,party_names_merged 4(1) (2).xlsx,Sheet1,246
Citizens for Justice Action,Bürger für Gerechtigkeitsaktion,BGA,Germany,party_names_merged 4(1) (2).xlsx,Sheet1,247
Party for Biomedical Rejuvenation Research,Partei für Biomedizinische Verjüngungsforschung,PBRR,Germany,party_names_merged 4(1) (2).xlsx,Sheet1,248
German Communist Party,Deutsche Kommunistische Partei,DKP,Germany,party_names_merged 4(1) (2).xlsx,Sheet1,249
Marxist–Leninist Party of Germany,Marxistisch-Leninistische Partei Deutschlands,MLPD,Germany,party_names_merged 4(1) (2).xlsx,Sheet1,250
"Socialist Equality Party, Fourth International","Sozialistische Gleichheitspartei, Vierte Internationale",SGP,Germany,party_names_merged 4(1) (2).xlsx,Sheet1,251
Christian Democratic Union,Christlich Demokratische Union Deutschlands,CDU,Germany,party_names_merged 4(1) (2).xlsx,Sheet1,252
Alliance 90,Bündnis 90/Die Grünen,Greens,Germany,party_names_merged 4(1) (2).xlsx,Sheet1,253
Social Democratic Party,Sozialdemokratische Partei Deutschlands,SPD,Germany,party_names_merged 4(1) (2).xlsx,Sheet1,254
Alternative for Germany,Alternative für Deutschland,AfD,Germany,party_names_merged 4(1) (2).xlsx,Sheet1,255
Christian Social Union,Christlich-Soziale Union,CSU,Germany,party_names_merged 4(1) (2).xlsx,Sheet1,256
The Left,Die Linke,Left,Germany,party_names_merged 4(1) (2).xlsx,Sheet1,257
Free Democratic Party,Freie Demokratische Partei,FDP,Germany,party_names_merged 4(1) (2).xlsx,Sheet1,258
Die PARTEI,Die PARTEI,Die PARTEI,Germany,party_names_merged 4(1) (2).xlsx,Sheet1,259
Free Voters,Freie Wähler,FW,Germany,party_names_merged 4(1) (2).xlsx,Sheet1,260
Human Environment Animal Protection,Mensch Umwelt Tierschutz,Tierschutzpartei,Germany,party_names_merged 4(1) (2).xlsx,Sheet1,261
Ecological Democratic Party,Ökologisch-Demokratische Partei,ÖDP,Germany,party_names_merged 4(1) (2).xlsx,Sheet1,262
Family Party,Familien-Partei Deutschlands,FPD,Germany,party_names_merged 4(1) (2).xlsx,Sheet1,263
Volt Germany,Volt Deutschland,Volt,Germany,party_names_merged 4(1) (2).xlsx,Sheet1,264
Pirate Party Germany,Piratenpartei Deutschland,Pirates,Germany,party_names_merged 4(1) (2).xlsx,Sheet1,265
Democracy in Europe Movement 2025,Demokratie in Europa Bewegung 2025,DiEM25,Germany,party_names_merged 4(1) (2).xlsx,Sheet1,266
National Democratic Party,Nationaldemokratische Partei Deutschlands,NPD,Germany,party_names_merged 4(1) (2).xlsx,Sheet1,267
Action Party for Animal Protection,Aktionspartei für Tierschutz,APT,Germany,party_names_merged 4(1) (2).xlsx,Sheet1,268
Party for the Animals,Partei für die Tiere,PFT,Germany,party_names_merged 4(1) (2).xlsx,Sheet1,269
Bavaria Party,Bayernpartei,BP,Germany,party_names_merged 4(1) (2).xlsx,Sheet1,270
Grey Panthers,Graue Panther,GP,Germany,party_names_merged 4(1) (2).xlsx,Sheet1,271
The Greys,Die Grauen,DG,Germany,party_names_merged 4(1) (2).xlsx,Sheet1,272
Party for Health Research,Partei für Gesundheitsforschung,PFG,Germany,party_names_merged 4(1) (2).xlsx,Sheet1,273
Alliance for Innovation and Justice,Allianz für Innovation und Gerechtigkeit,BIG,Germany,party_names_merged 4(1) (2).xlsx,Sheet1,274
"Alliance for Human Rights, Animal and Nature Protection","Allianz für Menschenrechte, Tier- und Naturschutz",AMTN,Germany,party_names_merged 4(1) (2).xlsx,Sheet1,275
Alliance C – Christians for Germany,Bündnis C – Christen für Deutschland,AC,Germany,party_names_merged 4(1) (2).xlsx,Sheet1,276
Party of Humanists,Partei der Humanisten,PdH,Germany,party_names_merged 4(1) (2).xlsx,Sheet1,277
From now on... Democracy by Referendum,Ab jetzt... Demokratie durch Volksabstimmung,AbJ,Germany,party_names_merged 4(1) (2).xlsx,Sheet1,278
Feminist Party,Feministische Partei,FP,Germany,party_names_merged 4(1) (2).xlsx,Sheet1,279
Liberal Conservative Reformers,Liberal-Konservative Reformer,LKR,Germany,party_names_merged 4(1) (2).xlsx,Sheet1,280
Basic Income Alliance,Bündnis Grundeinkommen,BGE,Germany,party_names_merged 4(1) (2).xlsx,Sheet1,281
Ecological Left,Ökologische Linke,ÖkoLin,Germany,party_names_merged 4(1) (2).xlsx,Sheet1,282
Human World,Menschliche Welt,MW,Germany,party_names_merged 4(1) (2).xlsx,Sheet1,283
European Party Love,Europäische Partei Liebe,EPL,Germany,party_names_merged 4(1) (2).xlsx,Sheet1,284
The Violets,Die Violetten,DV,Germany,party_names_merged 4(1) (2).xlsx,Sheet1,285
Democracy Direct,Demokratie Direkt,DD,Germany,party_names_merged 4(1) (2).xlsx,Sheet1,286
The Right,Die Rechte,DR,Germany,party_names_merged 4(1) (2).xlsx,Sheet1,287
German Communist Party,Deutsche Kommunistische Partei,DKP,Germany,party_names_merged 4(1) (2).xlsx,Sheet1,288
Marxist–Leninist Party,Marxistisch-Leninistische Partei Deutschlands,MLPD,Germany,party_names_merged 4(1) (2).xlsx,Sheet1,289
New Liberals,Neue Liberale,NL,Germany,party_names_merged 4(1) (2).xlsx,Sheet1,290
Third Way,Der III. Weg,D3W,Germany,party_names_merged 4(1) (2).xlsx,Sheet1,291
Socialist Equality Party,Sozialistische Gleichheitspartei,SGP,Germany,party_names_merged 4(1) (2).xlsx,Sheet1,292
Fidesz–KDNP,Fidesz – Magyar Polgári Szövetség–Kereszténydemokrata Néppárt,Fidesz–KDNP,Hungary,party_names_merged 4(1) (2).xlsx,Sheet1,293
Respect and Freedom Party,Tisztelet és Szabadság Pártja,TISZA,Hungary,party_names_merged 4(1) (2).xlsx,Sheet1,294
DK–MSZP–Dialogue Alliance,Demokratikus Koalíció–Magyar Szocialista Párt–Párbeszéd,DK–MSZP–P,Hungary,party_names_merged 4(1) (2).xlsx,Sheet1,295
Our Homeland Movement,Mi Hazánk Mozgalom,Mi Hazánk,Hungary,party_names_merged 4(1) (2).xlsx,Sheet1,296
Momentum Movement,Momentum Mozgalom,Momentum,Hungary,party_names_merged 4(1) (2).xlsx,Sheet1,297
Hungarian Two-Tailed Dog Party,Magyar Kétfarkú Kutya Párt,MKKP,Hungary,party_names_merged 4(1) (2).xlsx,Sheet1,298
Jobbik – Conservatives,Jobbik – Konzervatívok,Jobbik,Hungary,party_names_merged 4(1) (2).xlsx,Sheet1,299
LMP – Hungary's Green Party,Lehet Más a Politika – Magyarország Zöld Pártja,LMP,Hungary,party_names_merged 4(1) (2).xlsx,Sheet1,300
Second Reform Era Party,Második Reformkor Párt,2RP,Hungary,party_names_merged 4(1) (2).xlsx,Sheet1,301
Everybody's Hungary People's Party,Mindenki Magyarországa Néppárt,MMM,Hungary,party_names_merged 4(1) (2).xlsx,Sheet1,302
Solution Movement,Megoldás Mozgalom,Solution,Hungary,party_names_merged 4(1) (2).xlsx,Sheet1,303
Fidesz–KDNP,Fidesz – Magyar Polgári Szövetség–Kereszténydemokrata Néppárt,Fidesz–KDNP,Hungary,party_names_merged 4(1) (2).xlsx,Sheet1,304
Democratic Coalition,Demokratikus Koalíció,DK,Hungary,party_names_merged 4(1) (2).xlsx,Sheet1,305
Momentum Movement,Momentum Mozgalom,Momentum,Hungary,party_names_merged 4(1) (2).xlsx,Sheet1,306
Hungarian Socialist Party+Dialogue for Hungary,Magyar Szocialista Párt+Párbeszéd,MSZP–P,Hungary,party_names_merged 4(1) (2).xlsx,Sheet1,307
Jobbik,Jobbik,Jobbik,Hungary,party_names_merged 4(1) (2).xlsx,Sheet1,308
Our Homeland Movement,Mi Hazánk Mozgalom,Mi Hazánk,Hungary,party_names_merged 4(1) (2).xlsx,Sheet1,309
Hungarian Two Tailed Dog Party,Magyar Kétfarkú Kutya Párt,MKKP,Hungary,party_names_merged 4(1) (2).xlsx,Sheet1,310
Politics Can Be Different,Lehet Más a Politika,LMP,Hungary,party_names_merged 4(1) (2).xlsx,Sheet1,311
Hungarian Workers' Party,Magyar Munkáspárt,Munkáspárt,Hungary,party_names_merged 4(1) (2).xlsx,Sheet1,312
Civic Platform,Platforma Obywatelska,PO,Poland,party_names_merged 4(1) (2).xlsx,Sheet1,313
Polish Initiative,Inicjatywa Polska,IPL,Poland,party_names_merged 4(1) (2).xlsx,Sheet1,314
The Greens,Zieloni,Greens,Poland,party_names_merged 4(1) (2).xlsx,Sheet1,315
Modern,Nowoczesna,.N,Poland,party_names_merged 4(1) (2).xlsx,Sheet1,316
Independents - Civic Coalition,Niezależni - Koalicja Obywatelska,Independents,Poland,party_names_merged 4(1) (2).xlsx,Sheet1,317
Law and Justice,Prawo i Sprawiedliwość,PiS,Poland,party_names_merged 4(1) (2).xlsx,Sheet1,318
Sovereign Poland,Suwerenna Polska,SP,Poland,party_names_merged 4(1) (2).xlsx,Sheet1,319
Independents - United Right,Niezależni - Zjednoczona Prawica,Independents,Poland,party_names_merged 4(1) (2).xlsx,Sheet1,320
Confederation,Konfederacja,Konfederacja,Poland,party_names_merged 4(1) (2).xlsx,Sheet1,321
New Hope,Nowa Nadzieja,New Hope,Poland,party_names_merged 4(1) (2).xlsx,Sheet1,322
Confederation of the Polish Crown,Konfederacja Korony Polskiej,KKP,Poland,party_names_merged 4(1) (2).xlsx,Sheet1,323
National Movement,Ruch Narodowy,RN,Poland,party_names_merged 4(1) (2).xlsx,Sheet1,324
Real Europe Movement – Europa Christi,Ruch Prawdziwej Europy – Europa Christi,RPE-EC,Poland,party_names_merged 4(1) (2).xlsx,Sheet1,325
Wolnościowcy,Wolnościowcy,Wolnościowcy,Poland,party_names_merged 4(1) (2).xlsx,Sheet1,326
There is One Poland,Jest Jedna Polska,JJP,Poland,party_names_merged 4(1) (2).xlsx,Sheet1,327
Independents - Confederation,Niezależni - Konfederacja,Independents,Poland,party_names_merged 4(1) (2).xlsx,Sheet1,328
Polish People's Party,Polskie Stronnictwo Ludowe,PSL,Poland,party_names_merged 4(1) (2).xlsx,Sheet1,329
Poland 2050,Polska 2050,PL2050,Poland,party_names_merged 4(1) (2).xlsx,Sheet1,330
Union of European Democrats,Unia Europejskich Demokratów,UED,Poland,party_names_merged 4(1) (2).xlsx,Sheet1,331
Centre for Poland,Centrum dla Polski,CDP,Poland,party_names_merged 4(1) (2).xlsx,Sheet1,332
Wolnościowcy,Wolnościowcy,Wolnościowcy,Poland,party_names_merged 4(1) (2).xlsx,Sheet1,333
Silesian Regional Party,Śląska Partia Regionalna,ŚPR,Poland,party_names_merged 4(1) (2).xlsx,Sheet1,334
Independents - Third way,Niezależni - Trzecia Droga,Independents,Poland,party_names_merged 4(1) (2).xlsx,Sheet1,335
New Left,Nowa Lewica,New Left,Poland,party_names_merged 4(1) (2).xlsx,Sheet1,336
Left Together,Lewica Razem,Left Together,Poland,party_names_merged 4(1) (2).xlsx,Sheet1,337
Labour Union,Unia Pracy,UP,Poland,party_names_merged 4(1) (2).xlsx,Sheet1,338
Independents - The Left,Niezależni - Lewica,Independents,Poland,party_names_merged 4(1) (2).xlsx,Sheet1,339
KORWiN,KORWiN,KORWiN,Poland,party_names_merged 4(1) (2).xlsx,Sheet1,340
Bezpartyjni Samorządowcy,Bezpartyjni Samorządowcy,BS,Poland,party_names_merged 4(1) (2).xlsx,Sheet1,341
Nonpartisans,Bezpartyjni,Nonpartisans,Poland,party_names_merged 4(1) (2).xlsx,Sheet1,342
Social Alternative,Alternatywa Społeczna,AS,Poland,party_names_merged 4(1) (2).xlsx,Sheet1,343
New Democracy - Yes,Nowa Demokracja - Tak,ND-Tak,Poland,party_names_merged 4(1) (2).xlsx,Sheet1,344
Independents - Bezpartyjni Samorządowcy,Niezależni - Bezpartyjni Samorządowcy,Independents,Poland,party_names_merged 4(1) (2).xlsx,Sheet1,345
Congress of the New Right,Kongres Nowej Prawicy,KNP,Poland,party_names_merged 4(1) (2).xlsx,Sheet1,346
PolEXIT,PolEXIT,PolEXIT,Poland,party_names_merged 4(1) (2).xlsx,Sheet1,347
Federation for the Republic,Federacja dla Rzeczypospolitej,FdR,Poland,party_names_merged 4(1) (2).xlsx,Sheet1,348
There is One Poland*,Jest Jedna Polska*,JJP,Poland,party_names_merged 4(1) (2).xlsx,Sheet1,349
Independents - PolEXIT,Niezależni - PolEXIT,Independents,Poland,party_names_merged 4(1) (2).xlsx,Sheet1,350
Normal Country,Normalny Kraj,NK,Poland,party_names_merged 4(1) (2).xlsx,Sheet1,351
Silesians Together,Ślązacy Razem,ŚR,Poland,party_names_merged 4(1) (2).xlsx,Sheet1,352
New Hope*,Nowa Nadzieja*,New Hope,Poland,party_names_merged 4(1) (2).xlsx,Sheet1,353
Independents - Normal Country,Niezależni - Normalny Kraj,Independents,Poland,party_names_merged 4(1) (2).xlsx,Sheet1,354
Liberal Poland – Entrepreneurs' Strike,Liberalna Polska – Strajk Przedsiębiorców,LP-SP,Poland,party_names_merged 4(1) (2).xlsx,Sheet1,355
Independents - Liberal Poland – Entrepreneurs' Strike,Niezależni - Liberalna Polska – Strajk Przedsiębiorców,Independents,Poland,party_names_merged 4(1) (2).xlsx,Sheet1,356
Self-Defence,Samoobrona,Self-Defence,Poland,party_names_merged 4(1) (2).xlsx,Sheet1,357
Repair Poland Movement,Ruch Naprawy Polski,RNP,Poland,party_names_merged 4(1) (2).xlsx,Sheet1,358
Independents - Repair Poland Movement,Niezależni - Ruch Naprawy Polski,Independents,Poland,party_names_merged 4(1) (2).xlsx,Sheet1,359
Independents,Niezależni,Independents,Poland,party_names_merged 4(1) (2).xlsx,Sheet1,360
Law and Justice,Prawo i Sprawiedliwość,PiS,Poland,party_names_merged 4(1) (2).xlsx,Sheet1,361
Solidary Poland,Solidarna Polska,SP,Poland,party_names_merged 4(1) (2).xlsx,Sheet1,362
Agreement,Porozumienie,Agreement,Poland,party_names_merged 4(1) (2).xlsx,Sheet1,363
Independents - United Right,Niezależni - Zjednoczona Prawica,Independents,Poland,party_names_merged 4(1) (2).xlsx,Sheet1,364
Civic Platform,Platforma Obywatelska,PO,Poland,party_names_merged 4(1) (2).xlsx,Sheet1,365
Democratic Left Alliance,Sojusz Lewicy Demokratycznej,SLD,Poland,party_names_merged 4(1) (2).xlsx,Sheet1,366
Polish People's Party,Polskie Stronnictwo Ludowe,PSL,Poland,party_names_merged 4(1) (2).xlsx,Sheet1,367
The Greens,Zieloni,Greens,Poland,party_names_merged 4(1) (2).xlsx,Sheet1,368
Modern,Nowoczesna,.N,Poland,party_names_merged 4(1) (2).xlsx,Sheet1,369
Union of European Democrats,Unia Europejskich Demokratów,UED,Poland,party_names_merged 4(1) (2).xlsx,Sheet1,370
Feminist Initiative,Inicjatywa Feministyczna,IF,Poland,party_names_merged 4(1) (2).xlsx,Sheet1,371
Social Democracy of Poland,Socjaldemokracja Polska,SDPL,Poland,party_names_merged 4(1) (2).xlsx,Sheet1,372
Independents - European Coalition,Niezależni - Koalicja Europejska,Independents,Poland,party_names_merged 4(1) (2).xlsx,Sheet1,373
Spring,Wiosna,Spring,Poland,party_names_merged 4(1) (2).xlsx,Sheet1,374
Liberal-Socials,Liberałowie-Socjaliści,Liberal-Socials,Poland,party_names_merged 4(1) (2).xlsx,Sheet1,375
Edward Gierek's Economic Revival Movement,Ruch Odbudowy Gospodarczej Edwarda Gierka,ROGEG,Poland,party_names_merged 4(1) (2).xlsx,Sheet1,376
Independents - Spring,Niezależni - Wiosna,Independents,Poland,party_names_merged 4(1) (2).xlsx,Sheet1,377
National Movement,Ruch Narodowy,RN,Poland,party_names_merged 4(1) (2).xlsx,Sheet1,378
Party of Drivers,Partia Kierowców,Party of Drivers,Poland,party_names_merged 4(1) (2).xlsx,Sheet1,379
Independents - Confederation,Niezależni - Konfederacja,Independents,Poland,party_names_merged 4(1) (2).xlsx,Sheet1,380
Right Wing of the Republic,Prawica Rzeczypospolitej,Prawica,Poland,party_names_merged 4(1) (2).xlsx,Sheet1,381
Real Politics Union,Unia Polityki Realnej,UPR,Poland,party_names_merged 4(1) (2).xlsx,Sheet1,382
Silesians Together,Ślązacy Razem,ŚR,Poland,party_names_merged 4(1) (2).xlsx,Sheet1,383
Direct Democracy,Demokracja Bezpośrednia,DB,Poland,party_names_merged 4(1) (2).xlsx,Sheet1,384
Independents - Kukiz'15,Niezależni - Kukiz'15,Independents,Poland,party_names_merged 4(1) (2).xlsx,Sheet1,385
Together,Razem,Together,Poland,party_names_merged 4(1) (2).xlsx,Sheet1,386
Social Justice Movement,Ruch Sprawiedliwości Społecznej,RSS,Poland,party_names_merged 4(1) (2).xlsx,Sheet1,387
Labour Union,Unia Pracy,UP,Poland,party_names_merged 4(1) (2).xlsx,Sheet1,388
Independents - Left Together,Niezależni - Lewica Razem,Independents,Poland,party_names_merged 4(1) (2).xlsx,Sheet1,389
Silesians Together,Ślązacy Razem,ŚR,Poland,party_names_merged 4(1) (2).xlsx,Sheet1,390
Independents - Poland Fair Play,Niezależni - Polska Fair Play,Independents,Poland,party_names_merged 4(1) (2).xlsx,Sheet1,391
Congress of the New Right,Kongres Nowej Prawicy,KNP,Poland,party_names_merged 4(1) (2).xlsx,Sheet1,392
Independents - PolEXIT - Coalition,Niezależni - PolEXIT - Koalicja,Independents,Poland,party_names_merged 4(1) (2).xlsx,Sheet1,393
Unity of the Nation,Jedność Narodu,Unity of the Nation,Poland,party_names_merged 4(1) (2).xlsx,Sheet1,394
Independents - Unity of the Nation,Niezależni - Jedność Narodu,Independents,Poland,party_names_merged 4(1) (2).xlsx,Sheet1,395
Socialist Party,Partido Socialista,PS,Portugal,party_names_merged 4(1) (2).xlsx,Sheet1,396
Democratic Alliance,Aliança Democrática,AD,Portugal,party_names_merged 4(1) (2).xlsx,Sheet1,397
CHEGA!,CHEGA!,CH,Portugal,party_names_merged 4(1) (2).xlsx,Sheet1,398
Liberal Initiative,Iniciativa Liberal,IL,Portugal,party_names_merged 4(1) (2).xlsx,Sheet1,399
Left Bloc,Bloco de Esquerda,BE,Portugal,party_names_merged 4(1) (2).xlsx,Sheet1,400
Unitary Democratic Coalition,Coligação Democrática Unitária,CDU,Portugal,party_names_merged 4(1) (2).xlsx,Sheet1,401
LIVRE,LIVRE,L,Portugal,party_names_merged 4(1) (2).xlsx,Sheet1,402
National Democratic Alternative,Alternativa Democrática Nacional,ADN,Portugal,party_names_merged 4(1) (2).xlsx,Sheet1,403
People–Animals–Nature,Pessoas–Animais–Natureza,PAN,Portugal,party_names_merged 4(1) (2).xlsx,Sheet1,404
Volt Portugal,Volt Portugal,VP,Portugal,party_names_merged 4(1) (2).xlsx,Sheet1,405
Rise Up,Ergue-te,E,Portugal,party_names_merged 4(1) (2).xlsx,Sheet1,406
"React, Include, Recycle","Reagir, Incluir, Reciclar",RIR,Portugal,party_names_merged 4(1) (2).xlsx,Sheet1,407
New Right,Nova Direita,ND,Portugal,party_names_merged 4(1) (2).xlsx,Sheet1,408
Socialist Alternative Movement,Movimento Alternativa Socialista,MAS,Portugal,party_names_merged 4(1) (2).xlsx,Sheet1,409
Earth Party,Partido da Terra,MPT,Portugal,party_names_merged 4(1) (2).xlsx,Sheet1,410
Portuguese Labour Party,Partido Trabalhista Português,PTP,Portugal,party_names_merged 4(1) (2).xlsx,Sheet1,411
"We, the Citizens!","Nós, Cidadãos!",NC,Portugal,party_names_merged 4(1) (2).xlsx,Sheet1,412
Socialist Party,Partido Socialista,PS,Portugal,party_names_merged 4(1) (2).xlsx,Sheet1,413
Social Democratic Party,Partido Social Democrata,PSD,Portugal,party_names_merged 4(1) (2).xlsx,Sheet1,414
Left Bloc,Bloco de Esquerda,BE,Portugal,party_names_merged 4(1) (2).xlsx,Sheet1,415
Unitary Democratic Coalition,Coligação Democrática Unitária,CDU,Portugal,party_names_merged 4(1) (2).xlsx,Sheet1,416
CDS - People's Party,CDS - Partido Popular,CDS-PP,Portugal,party_names_merged 4(1) (2).xlsx,Sheet1,417
People–Animals–Nature,Pessoas–Animais–Natureza,PAN,Portugal,party_names_merged 4(1) (2).xlsx,Sheet1,418
Alliance,Aliança,A,Portugal,party_names_merged 4(1) (2).xlsx,Sheet1,419
LIVRE,LIVRE,L,Portugal,party_names_merged 4(1) (2).xlsx,Sheet1,420
Basta!,Basta!,B,Portugal,party_names_merged 4(1) (2).xlsx,Sheet1,421
Blue-and-Black Movement,Sinimusta liike,Sinimusta liike,Finland,party_names_merged 4(1) (2).xlsx,Sheet1,422
"We, the Citizens!","Nós, Cidadãos!",NC,Portugal,party_names_merged 4(1) (2).xlsx,Sheet1,423
Liberal Initiative,Iniciativa Liberal,IL,Portugal,party_names_merged 4(1) (2).xlsx,Sheet1,424
Workers' Communist Party,Partido Comunista dos Trabalhadores,PCTP/MRPP,Portugal,party_names_merged 4(1) (2).xlsx,Sheet1,425
National Renovator Party,Partido Nacional Renovador,PNR,Portugal,party_names_merged 4(1) (2).xlsx,Sheet1,426
Democratic Republican Party,Partido Democrático Republicano,PDR,Portugal,party_names_merged 4(1) (2).xlsx,Sheet1,427
United Party of Retirees and Pensioners,Partido Unido dos Reformados e Pensionistas,PURP,Portugal,party_names_merged 4(1) (2).xlsx,Sheet1,428
Portuguese Labour Party,Partido Trabalhista Português,PTP,Portugal,party_names_merged 4(1) (2).xlsx,Sheet1,429
Socialist Alternative Movement,Movimento Alternativa Socialista,MAS,Portugal,party_names_merged 4(1) (2).xlsx,Sheet1,430
People's Party,Partido Popular,PP,Spain,party_names_merged 4(1) (2).xlsx,Sheet1,431
Spanish Socialist Workers' Party,Partido Socialista Obrero Español,PSOE,Spain,party_names_merged 4(1) (2).xlsx,Sheet1,432
Vox,Vox,Vox,Spain,party_names_merged 4(1) (2).xlsx,Sheet1,433
Republics Now,Esquerra Republicana de Catalunya–EH Bildu–BNG–Ara Més,ERC–EH Bildu–BNG–Ara Més,Spain,party_names_merged 4(1) (2).xlsx,Sheet1,434
Unite,Sumar,Sumar,Spain,party_names_merged 4(1) (2).xlsx,Sheet1,435
The Party Is Over,Se Acabó La Fiesta,Se Acabó,Spain,party_names_merged 4(1) (2).xlsx,Sheet1,436
We Can,Podemos,Podemos,Spain,party_names_merged 4(1) (2).xlsx,Sheet1,437
Together and Free for Europe,Junts per Catalunya – Junts EU,Junts UE,Spain,party_names_merged 4(1) (2).xlsx,Sheet1,438
Coalition for a Solidary Europe,Coalición por una Europa Solidaria,CEUS,Spain,party_names_merged 4(1) (2).xlsx,Sheet1,439
Animalist Party with the Environment,Partido Animalista Contra el Maltrato Animal,PACMA,Spain,party_names_merged 4(1) (2).xlsx,Sheet1,440
Citizens–Party of the Citizenry,Ciudadanos–Partido de la Ciudadanía,Cs,Spain,party_names_merged 4(1) (2).xlsx,Sheet1,441
Workers' Front,Frente Obrero,FO,Spain,party_names_merged 4(1) (2).xlsx,Sheet1,442
The Forgotten Spain Exists–Municipalists–Fair World,España Vaciada–Municipalistas–Mundo Justo,Existe,Spain,party_names_merged 4(1) (2).xlsx,Sheet1,443
Spanish Left,Izquierda Española,IzqEsp,Spain,party_names_merged 4(1) (2).xlsx,Sheet1,444
Feminists to the Congress,Feministas al Congreso,PFAC,Spain,party_names_merged 4(1) (2).xlsx,Sheet1,445
European Justice,Justicia Europea,IE,Spain,party_names_merged 4(1) (2).xlsx,Sheet1,446
Andalusia Now,Andalucía Ahora,Andalucistas,Spain,party_names_merged 4(1) (2).xlsx,Sheet1,447
Volt Spain,Volt España,Volt,Spain,party_names_merged 4(1) (2).xlsx,Sheet1,448
Blank Seats to Leave Empty Seats,Escaños en Blanco,EB,Spain,party_names_merged 4(1) (2).xlsx,Sheet1,449
Communist Party of the Workers of Spain,Partido Comunista de los Trabajadores de España,PCTE,Spain,party_names_merged 4(1) (2).xlsx,Sheet1,450
Pirates–Rebel Alliance–European Pirates,Piratas–Alianza Rebelde–Piratas Europeos,Pirates/Rebeldes,Spain,party_names_merged 4(1) (2).xlsx,Sheet1,451
PCPE–PCPC Coalition,Coalición PCPE–PCPC,PCPE–PCPC,Spain,party_names_merged 4(1) (2).xlsx,Sheet1,452
Spanish Phalanx of the CNSO,Falange Española de las JONS,FE–JONS,Spain,party_names_merged 4(1) (2).xlsx,Sheet1,453
Spanish Food Sovereignty,Soberanía Alimentaria Española,SAE,Spain,party_names_merged 4(1) (2).xlsx,Sheet1,454
Believe in Europe,Cree en Europa,Cree en Europa,Spain,party_names_merged 4(1) (2).xlsx,Sheet1,455
Zero Cuts,Recortes Cero,Recortes Cero,Spain,party_names_merged 4(1) (2).xlsx,Sheet1,456
Country and Rural Movement,Movimiento País y Rural,PMR,Spain,party_names_merged 4(1) (2).xlsx,Sheet1,457
Humanist Party,Partido Humanista,PH,Spain,party_names_merged 4(1) (2).xlsx,Sheet1,458
Salamanca–Zamora–León PREPAL,PREPAL Salamanca–Zamora–León,PREPAL,Spain,party_names_merged 4(1) (2).xlsx,Sheet1,459
Future,Futuro,F,Spain,party_names_merged 4(1) (2).xlsx,Sheet1,460
Together for Extremadura,Juntos por Extremadura,JUEX,Spain,party_names_merged 4(1) (2).xlsx,Sheet1,461
Galician Party,Partido Galeguista,GLG,Spain,party_names_merged 4(1) (2).xlsx,Sheet1,462
Workers' Revolutionary Current,Corriente Revolucionaria de Trabajadores,CRT,Spain,party_names_merged 4(1) (2).xlsx,Sheet1,463
Extremadurans,Partido Regionalista Extremeño–Coalición Regionalista Extremeña,PREx–CREx,Spain,party_names_merged 4(1) (2).xlsx,Sheet1,464
Spanish Socialist Workers' Party,Partido Socialista Obrero Español,PSOE,Spain,party_names_merged 4(1) (2).xlsx,Sheet1,465
People's Party,Partido Popular,PP,Spain,party_names_merged 4(1) (2).xlsx,Sheet1,466
Citizens–Party of the Citizenry,Ciudadanos–Partido de la Ciudadanía,Cs,Spain,party_names_merged 4(1) (2).xlsx,Sheet1,467
United We Can Change Europe,Unidas Podemos Cambiar Europa,Podemos–IU,Spain,party_names_merged 4(1) (2).xlsx,Sheet1,468
Vox,Vox,Vox,Spain,party_names_merged 4(1) (2).xlsx,Sheet1,469
Republics Now,Ahora Repúblicas,Ahora Repúblicas,Spain,party_names_merged 4(1) (2).xlsx,Sheet1,470
Together for Catalunya,Junts per Catalunya,Junts,Spain,party_names_merged 4(1) (2).xlsx,Sheet1,471
Coalition for a Solidary Europe,Coalición por una Europa Solidaria,CEUS,Spain,party_names_merged 4(1) (2).xlsx,Sheet1,472
Commitment to Europe,Compromís per Europa,CpE,Spain,party_names_merged 4(1) (2).xlsx,Sheet1,473
Animalist Party Against Mistreatment of Animals,Partido Animalista Contra el Maltrato Animal,PACMA,Spain,party_names_merged 4(1) (2).xlsx,Sheet1,474
Green Coalition–Citizen Europe,Coalición Verde–Europa Ciudadana,CV–EC,Spain,party_names_merged 4(1) (2).xlsx,Sheet1,475
Zero Cuts–The Greens–European Green Group,Recortes Cero–Los Verdes–Grupo Verde Europeo,Recortes Cero–LV–GVE,Spain,party_names_merged 4(1) (2).xlsx,Sheet1,476
Volt Europa,Volt Europa,Volt,Spain,party_names_merged 4(1) (2).xlsx,Sheet1,477
Feminist Initiative,Iniciativa Feminista,IFem,Spain,party_names_merged 4(1) (2).xlsx,Sheet1,478
Communists,Comunistas,PCPE–PCPC–PCPA,Spain,party_names_merged 4(1) (2).xlsx,Sheet1,479
Act,PACTO,PACT,Spain,party_names_merged 4(1) (2).xlsx,Sheet1,480
Andalusia by Herself,Andalucía por Sí,AxSí,Spain,party_names_merged 4(1) (2).xlsx,Sheet1,481
For a Fairer World,Por Un Mundo Más Justo,PUM+J,Spain,party_names_merged 4(1) (2).xlsx,Sheet1,482
Communist Party of the Workers of Spain,Partido Comunista de los Trabajadores de España,PCTE,Spain,party_names_merged 4(1) (2).xlsx,Sheet1,483
Pirates of Catalonia–European Pirates,Pirates de Catalunya–Piratas Europeos,pirates.cat/ep,Spain,party_names_merged 4(1) (2).xlsx,Sheet1,484
Centrists for Europe,Centristas por Europa,CCD–Lliures–UIJ–centrados,Spain,party_names_merged 4(1) (2).xlsx,Sheet1,485
Forum of Citizens,Foro de Ciudadanos,FAC,Spain,party_names_merged 4(1) (2).xlsx,Sheet1,486
Positive Left,Izquierda Positiva,IZQP,Spain,party_names_merged 4(1) (2).xlsx,Sheet1,487
"With You, We Are Democracy",Contigo Somos Democracia,Contigo,Spain,party_names_merged 4(1) (2).xlsx,Sheet1,488
Extremadurans,Extremeños,CEx–CREx–PREx,Spain,party_names_merged 4(1) (2).xlsx,Sheet1,489
FE de las JONS–Spanish Alternative–La Falange–National Democracy,FE de las JONS–Alternativa Española–La Falange–Democracia Nacional,ADÑ,Spain,party_names_merged 4(1) (2).xlsx,Sheet1,490
Republican Alternative,Alternativa Republicana,ALTER,Spain,party_names_merged 4(1) (2).xlsx,Sheet1,491
Actual Equality,Igualdad Real,IGRE,Spain,party_names_merged 4(1) (2).xlsx,Sheet1,492
Red Current Movement,Movimiento Corriente Roja,MCR,Spain,party_names_merged 4(1) (2).xlsx,Sheet1,493
Humanist Party,Partido Humanista,PH,Spain,party_names_merged 4(1) (2).xlsx,Sheet1,494
Euro Latino Independent Movement,Movimiento Independiente Euro Latino,MIEL,Spain,party_names_merged 4(1) (2).xlsx,Sheet1,495
Internationalist Solidarity and Self-Management,Solidaridad Internacionalista y Autogestión,SAIn,Spain,party_names_merged 4(1) (2).xlsx,Sheet1,496
Swedish Social Democratic Party,Sveriges socialdemokratiska arbetareparti,SAP,Sweden,party_names_merged 4(1) (2).xlsx,Sheet1,497
Moderate Party,Moderata samlingspartiet,M,Sweden,party_names_merged 4(1) (2).xlsx,Sheet1,498
Green Party,Miljöpartiet de gröna,MP,Sweden,party_names_merged 4(1) (2).xlsx,Sheet1,499
Sweden Democrats,Sverigedemokraterna,SD,Sweden,party_names_merged 4(1) (2).xlsx,Sheet1,500
Left Party,Vänsterpartiet,V,Sweden,party_names_merged 4(1) (2).xlsx,Sheet1,501
Centre Party,Centerpartiet,C,Sweden,party_names_merged 4(1) (2).xlsx,Sheet1,502
Christian Democrats,Kristdemokraterna,KD,Sweden,party_names_merged 4(1) (2).xlsx,Sheet1,503
Liberals,Liberalerna,L,Sweden,party_names_merged 4(1) (2).xlsx,Sheet1,504
Folklistan,Folklistan,Folklistan,Sweden,party_names_merged 4(1) (2).xlsx,Sheet1,505
Alternative for Sweden,Alternativ för Sverige,AfS,Sweden,party_names_merged 4(1) (2).xlsx,Sheet1,506
Pirate Party,Piratpartiet,PP,Sweden,party_names_merged 4(1) (2).xlsx,Sheet1,507
Citizens' Coalition,Medborgerlig Samling,MED,Sweden,party_names_merged 4(1) (2).xlsx,Sheet1,508
Human Rights and Democracy,Mänskliga rättigheter och Demokrati,MoD,Sweden,party_names_merged 4(1) (2).xlsx,Sheet1,509
Christian Values Party,Kristna Värdepartiet,KVP,Sweden,party_names_merged 4(1) (2).xlsx,Sheet1,510
Dignified Life,Värdigt Liv,VL,Sweden,party_names_merged 4(1) (2).xlsx,Sheet1,511
Swexit,Swexit,Swexit,Sweden,party_names_merged 4(1) (2).xlsx,Sheet1,512
Nuance Party,Partiet Nyans,Nyans,Sweden,party_names_merged 4(1) (2).xlsx,Sheet1,513
Communist Party of Sweden,Sveriges Kommunistiska Parti,SKP,Sweden,party_names_merged 4(1) (2).xlsx,Sheet1,514
Climate Alliance,Klimatalliansen,CA,Sweden,party_names_merged 4(1) (2).xlsx,Sheet1,515
Volt Sweden,Volt Sverige,Volt,Sweden,party_names_merged 4(1) (2).xlsx,Sheet1,516
Other parties,Övriga partier,Other parties,Sweden,party_names_merged 4(1) (2).xlsx,Sheet1,517
Swedish Social Democratic Party,Sveriges socialdemokratiska arbetareparti,SAP,Sweden,party_names_merged 4(1) (2).xlsx,Sheet1,518
Moderate Party,Moderata samlingspartiet,M,Sweden,party_names_merged 4(1) (2).xlsx,Sheet1,519
Sweden Democrats,Sverigedemokraterna,SD,Sweden,party_names_merged 4(1) (2).xlsx,Sheet1,520
Green Party,Miljöpartiet de gröna,MP,Sweden,party_names_merged 4(1) (2).xlsx,Sheet1,521
Centre Party,Centerpartiet,C,Sweden,party_names_merged 4(1) (2).xlsx,Sheet1,522
Christian Democrats,Kristdemokraterna,KD,Sweden,party_names_merged 4(1) (2).xlsx,Sheet1,523
Left Party,Vänsterpartiet,V,Sweden,party_names_merged 4(1) (2).xlsx,Sheet1,524
Liberals,Liberalerna,L,Sweden,party_names_merged 4(1) (2).xlsx,Sheet1,525
Feminist Initiative,Feministiskt initiativ,FI,Sweden,party_names_merged 4(1) (2).xlsx,Sheet1,526
Pirate Party,Piratpartiet,PP,Sweden,party_names_merged 4(1) (2).xlsx,Sheet1,527
Alternative for Sweden,Alternativ för Sverige,AfS,Sweden,party_names_merged 4(1) (2).xlsx,Sheet1,528
Citizens' Coalition,Medborgerlig Samling,MED,Sweden,party_names_merged 4(1) (2).xlsx,Sheet1,529
Turning Point Party,Partiet Vändpunkt,PVP,Sweden,party_names_merged 4(1) (2).xlsx,Sheet1,530
Animals' Party,Djurens parti,DP,Sweden,party_names_merged 4(1) (2).xlsx,Sheet1,531
Independent Rural Party,Landsbygdspartiet oberoende,LPO,Sweden,party_names_merged 4(1) (2).xlsx,Sheet1,532
Christian Values Party,Kristna Värdepartiet,KVP,Sweden,party_names_merged 4(1) (2).xlsx,Sheet1,533
Direct Democrats,Direktdemokraterna,DD,Sweden,party_names_merged 4(1) (2).xlsx,Sheet1,534
Communist Party,Kommunistiska Partiet,,Sweden,party_names_merged 4(1) (2).xlsx,Sheet1,535
We Social Conservatives,Vi Socialkonservativa,VSK,Sweden,party_names_merged 4(1) (2).xlsx,Sheet1,536
Classical Liberal Party,Klassiskt liberala partiet,KLP,Sweden,party_names_merged 4(1) (2).xlsx,Sheet1,537
Basic Income Party,Basinkomstpartiet,BIP,Sweden,party_names_merged 4(1) (2).xlsx,Sheet1,538
Scania Party,Skånepartiet,SP,Sweden,party_names_merged 4(1) (2).xlsx,Sheet1,539
Freedom and Justice Party,Frihet och Rättvisa,FR,Sweden,party_names_merged 4(1) (2).xlsx,Sheet1,540
Security Party,Trygghetspartiet,TP,Sweden,party_names_merged 4(1) (2).xlsx,Sheet1,541
New Reform,Ny Reform,NR,Sweden,party_names_merged 4(1) (2).xlsx,Sheet1,542
Common Sense in Sweden,Sunt förnuft i Sverige,SFS,Sweden,party_names_merged 4(1) (2).xlsx,Sheet1,543
European Workers Party,Europeiska Arbetarpartiet,EAP,Sweden,party_names_merged 4(1) (2).xlsx,Sheet1,544
Svenska folkpartiet,Svenska folkpartiet,SFP,Finland,party_names_merged 4(1) (2).xlsx,Sheet1,545
Swedish People's Party,RKP,SFP,Sweden,party_names_merged 4(1) (2).xlsx,Sheet1,546
BRP,BRP,BRP,Sweden,party_names_merged 4(1) (2).xlsx,Sheet1,547
The New Party,Det Nya Partiet,DNP,Sweden,party_names_merged 4(1) (2).xlsx,Sheet1,548
Electoral Cooperation Party,Valteknisk Samverkan,VTS,Sweden,party_names_merged 4(1) (2).xlsx,Sheet1,549
Kustkult,Kustkult,Kustkult,Sweden,party_names_merged 4(1) (2).xlsx,Sheet1,550
Parties not on the ballot,Partier utanför röstsedlar,PNOB,Sweden,party_names_merged 4(1) (2).xlsx,Sheet1,551
Attack,Атака,Атака,Bulgaria,party_names_merged 4(1) (2).xlsx,Sheet1,552
Center,Център,Център,Bulgaria,party_names_merged 4(1) (2).xlsx,Sheet1,553
Bulgaria Mozhe,България Може,България Може,Bulgaria,party_names_merged 4(1) (2).xlsx,Sheet1,554
We Continue the Change - Democratic Bulgaria,Продължаваме Промяната - Демократична България,ПП-ДБ,Bulgaria,party_names_merged 4(1) (2).xlsx,Sheet1,555
Greatness,Величие,Величие,Bulgaria,party_names_merged 4(1) (2).xlsx,Sheet1,556
Center,Център,Център,Bulgaria,party_names_merged 4(1) (2).xlsx,Sheet1,557
"Morality, Unity, Honour",Кирил Веселински,МЕЧ,Bulgaria,party_names_merged 4(1) (2).xlsx,Sheet1,558
"Morality, Unity, Honour",Христо Расташки,МЕЧ,Bulgaria,party_names_merged 4(1) (2).xlsx,Sheet1,559
Revival,Възраждане,Възраждане,Bulgaria,party_names_merged 4(1) (2).xlsx,Sheet1,560
"Morality, Unity, Honour","Морал, Единство, Чест",МЕЧ,Bulgaria,party_names_merged 4(1) (2).xlsx,Sheet1,561
Revival,Възраждане,Възраждане,Bulgaria,party_names_merged 4(1) (2).xlsx,Sheet1,562
We Continue the Change - Democratic Bulgaria,Продължаваме Промяната,ПП,Bulgaria,party_names_merged 4(1) (2).xlsx,Sheet1,563
Greatness,Величие,Величие,Bulgaria,party_names_merged 4(1) (2).xlsx,Sheet1,564
Save Sofia,Спаси София,Спаси София,Bulgaria,party_names_merged 4(1) (2).xlsx,Sheet1,565
We Continue the Change - Democratic Bulgaria,Продължаваме Промяната - Демократична България,ПП-ДБ,Bulgaria,party_names_merged 4(1) (2).xlsx,Sheet1,566
Estonian Reform Party,Eesti Reformierakond,ERE,Estonia,party_names_merged 4(1) (2).xlsx,Sheet1,567
Center,Център,Център,Bulgaria,party_names_merged 4(1) (2).xlsx,Sheet1,568
The Greens,Bündnis 90/Die Grünen,"Gruene, Gruenen",Germany,party_names_merged 4(1) (2).xlsx,Sheet1,569
European Democratic Party,Europäische Demokratische Partei,PDE/EDP European Democrats,Germany,party_names_merged 4(1) (2).xlsx,Sheet1,570
Christian Social Union in Bavaria,Christlich-Soziale Union in Bayern,CDU/CSE,Germany,party_names_merged 4(1) (2).xlsx,Sheet1,571
Christian Democratic Union,Christlich Demokratische Union,CDU/EVP,Germany,party_names_merged 4(1) (2).xlsx,Sheet1,572
Christian Democratic Union,Christlich Demokratische Union,EVP/CDU/CSU,Germany,party_names_merged 4(1) (2).xlsx,Sheet1,573
Green League,Vihreät,VIHR,Finland,party_names_merged 4(1) (2).xlsx,Sheet1,574
