Famname,Candidate,Party,Country,source_cell,source_index
Trump,Donald Trump,Republican Party,United States,ner_code.ipynb:5,0
Biden,Joe Biden,Democratic Party,United States,ner_code.ipynb:5,1
Hillary,Hillary Clinton,Democratic Party,United States,ner_code.ipynb:5,2
Clinton,Hillary Clinton,Democratic Party,United States,ner_code.ipynb:5,3
Obama,Barack Obama,Democratic Party,United States,ner_code.ipynb:5,4
Volodymyr,Volodymyr Zelenskyy,Servant of the People,Ukraine,ner_code.ipynb:5,5
Zelensky,Volodymyr Zelenskyy,Servant of the People,Ukraine,ner_code.ipynb:5,6
Putin,Vladimir Putin,United Russia,Russia,ner_code.ipynb:5,7
Harris,Kamala Harris,Democratic Party,United States,ner_code.ipynb:5,8
Kamala,Kamala Harris,Democratic Party,United States,ner_code.ipynb:5,9
Rishi,Rishi Sunak,Conservative Party,United Kingdom,ner_code.ipynb:5,10
Sunak,Rishi Sunak,Conservative Party,United Kingdom,ner_code.ipynb:5,11
Macron,Emmanuel Macron,La République En Marche!,France,ner_code.ipynb:5,12
Emmanuel,Emmanuel Macron,La République En Marche!,France,ner_code.ipynb:5,13
Scholz,Olaf Scholz,Social Democratic Party,Germany,ner_code.ipynb:5,14
Olaf,Olaf Scholz,Social Democratic Party,Germany,ner_code.ipynb:5,15
Jinping,Xi Jinping,Communist Party of China,China,ner_code.ipynb:5,16
Xi,Xi Jinping,Communist Party of China,China,ner_code.ipynb:5,17
Kim,Kim Jong-un,Workers' Party of Korea,North Korea,ner_code.ipynb:5,18
Jong-un,Kim Jong-un,Workers' Party of Korea,North Korea,ner_code.ipynb:5,19
Orbán,Viktor Orbán,Fidesz,Hungary,ner_code.ipynb:5,20
Orban,Viktor Orban,Fidesz,Hungary,ner_code.ipynb:5,21
Órban,Viktor Órban,Fidesz,Hungary,ner_code.ipynb:5,22
Schröder,Gerhard Schröder,Social Democratic Party of Germany,Germany,ner_code.ipynb:5,23
Schroeder,Gerhard Schröder,Social Democratic Party of Germany,Germany,ner_code.ipynb:5,24
Jarosław,Jarosław Kaczyński,Law and Justice,Poland,ner_code.ipynb:5,25
Jaroslaw,Jarosław Kaczyński,Law and Justice,Poland,ner_code.ipynb:5,26
Kaczyński,Jarosław Kaczyński,Law and Justice,Poland,ner_code.ipynb:5,27
Kaczynski,Jarosław Kaczynski,Law and Justice,Poland,ner_code.ipynb:5,28
Hołownia,Szymon Hołownia,Polska 2050,Poland,ner_code.ipynb:5,29
Holownia,Szymon Holownia,Polska 2050,Poland,ner_code.ipynb:5,30
Przemysław,Przemysław Czarnek,Prawo i Sprawiedliwość,Poland,ner_code.ipynb:5,31
Przemyslaw,Przemysław Czarnek,Prawo i Sprawiedliwość,Poland,ner_code.ipynb:5,32
Gembicka,Anna Gembicka,Prawo i Sprawiedliwość,Poland,ner_code.ipynb:5,33
Czarnek,Przemysław Czarnek,Prawo i Sprawiedliwość,Poland,ner_code.ipynb:5,34
Czarnek,Przemyslaw Czarnek,Prawo i Sprawiedliwość,Poland,ner_code.ipynb:5,35
Schetyna,Grzegorz Schetyna,Platforma Obywatelska,Poland,ner_code.ipynb:5,36
Grzegorz,Grzegorz Schetyna,Platforma Obywatelska,Poland,ner_code.ipynb:5,37
Trzaskowski,Rafał Trzaskowski,Platforma Obywatelska,Poland,ner_code.ipynb:5,38
Trzaskowski,Rafal Trzaskowski,Platforma Obywatelska,Poland,ner_code.ipynb:5,39
Berkowicz,Konrad Berkowicz,Confederation Liberty and Independence,Poland,ner_code.ipynb:5,40
Berkowicz,Konrad Berkowicz,Confederation Liberty and Independence,Poland,ner_code.ipynb:5,41
Zajączkowska-Hernik,Ewa Zajączkowska-Hernik,Nowa Nadzieja,Poland,ner_code.ipynb:5,42
Zajaczkowska-Hernik,Ewa Zajaczkowska-Hernik,Nowa Nadzieja,Poland,ner_code.ipynb:5,43
Zajaczkowska,Ewa Zajaczkowska-Hernik,Nowa Nadzieja,Poland,ner_code.ipynb:5,44
Hernik,Ewa Zajaczkowska-Hernik,Nowa Nadzieja,Poland,ner_code.ipynb:5,45
Macierewicz,Antoni Macierewicz,Prawo i Sprawiedliwość,Poland,ner_code.ipynb:5,46
Gosek,Mariusz Gosek,Prawo i Sprawiedliwość,Poland,ner_code.ipynb:5,47
Kowalski ,Janusz Kowalski,Prawo i Sprawiedliwość,Poland,ner_code.ipynb:5,48
Krystian,Mariusz Krystian,Prawo i Sprawiedliwość,Poland,ner_code.ipynb:5,49
Karozarowski,Piotr Korczarowski,Confederation Liberty and Independence,Poland,ner_code.ipynb:5,50
Korczarowski,Piotr Korczarowski,Confederation Liberty and Independence,Poland,ner_code.ipynb:5,51
Walker,Walker Justyna,Normal Country,Poland,ner_code.ipynb:5,52
Fritz,Roman Fritz,Confederation Liberty and Independence,Poland,ner_code.ipynb:5,53
Krasowicz,Krasowicz Justyna,Confederation Liberty and Independence,Poland,ner_code.ipynb:5,54
Morawiecka,Mateusz Morawiecki,Prawo i Sprawiedliwość,Poland,ner_code.ipynb:5,55
Morawiecki,Mateusz Morawiecki,Prawo i Sprawiedliwość,Poland,ner_code.ipynb:5,56
Karnowski,Karnowski Jacek Krzysztof,Civic Coalition,Poland,ner_code.ipynb:5,57
Morawiecki,Mateusz Morawiecki,Prawo i Sprawiedliwość,Poland,ner_code.ipynb:5,58
Zieloni/KO,Civic Coalition,Civic Coalition,Poland,ner_code.ipynb:5,59
Zieloni,Civic Coalition,Civic Coalition,Poland,ner_code.ipynb:5,60
KO,Civic Coalition,Civic Coalition,Poland,ner_code.ipynb:5,61
Kołodziejczak,Michał Kołodziejczak,Civic Coalition,Poland,ner_code.ipynb:5,62
Kolodziejczak,Michał Kołodziejczak,Civic Coalition,Poland,ner_code.ipynb:5,63
Mentzeń,Sławomir Mentzen,Confederation Liberty and Independence,Poland,ner_code.ipynb:5,64
Mentzen,Sławomir Mentzen,Confederation Liberty and Independence,Poland,ner_code.ipynb:5,65
Pelczynska-Nalecz,Katarzyna Pelczynska-Nalecz,Third Way,Poland,ner_code.ipynb:5,66
D.Tusk,Donald Tusk,Civic Platform Party,Poland,ner_code.ipynb:5,67
K. Bosak,Krzysztof Bosak,Confederation Liberty and Independence,Poland,ner_code.ipynb:5,68
S. Mentzen,Sławomir Mentzen,Confederation Liberty and Independence,Poland,ner_code.ipynb:5,69
Razem/Lewica,The Left,The Left,Poland,ner_code.ipynb:5,70
D. Sośnierz,Dobromir Sośnierz,Confederation Liberty and Independence,Poland,ner_code.ipynb:5,71
Dana Jazlowiecka,Danuta Jazłowiecka,Civic Coalition,Poland,ner_code.ipynb:5,72
Purra,Riikka Purra,Finns Party,Finland,ner_code.ipynb:5,73
Ben Z,Ben Zyskowicz,National Coalition Party,Finland,ner_code.ipynb:5,74
Bompardb,Manuel Bompard,La France Insoumise,France,ner_code.ipynb:5,75
Bompart,Manuel Bompard,La France Insoumise,France,ner_code.ipynb:5,76
Bordella,Jordan Bardella,National Rally,France,ner_code.ipynb:5,77
Caro Ra,Carola Rackete,The Left (Ind),Germany,ner_code.ipynb:5,78
col. markov,Nikolay Markov,Velichie,Bulgaria,ner_code.ipynb:5,79
collonel Markov,Nikolay Markov,Velichie,Bulgaria,ner_code.ipynb:5,80
Davambazki,Angel Dzhambazki,IMRO – Bulgarian National Movement,Bulgaria,ner_code.ipynb:5,81
Djambazki,Angel Dzhambazki,IMRO – Bulgarian National Movement,Bulgaria,ner_code.ipynb:5,82
Dude,Andrzej Duda,Law and Justice,Poland,ner_code.ipynb:5,83
Dzhambaski,Angel Dzhambazki,IMRO – Bulgarian National Movement,Bulgaria,ner_code.ipynb:5,84
errejon,Íñigo Errejón,Sumar,Spain,ner_code.ipynb:5,85
Fred. Merz,Friedrich Merz,Christian Democratic Union,Germany,ner_code.ipynb:5,86
G. Braun,Grzegorz Braun,Confederation Liberty and Independence,Poland,ner_code.ipynb:5,87
G.Braun,Grzegorz Braun,Confederation Liberty and Independence,Poland,ner_code.ipynb:5,88
Gasiuk-Pichowicz,Kamila Gasiuk-Pihowicz,Civic Platform,Poland,ner_code.ipynb:5,89
Gluksman,Raphaël Glucksmann,Place Publique,France,ner_code.ipynb:5,90
Gluksmann,Raphaël Glucksmann,Place Publique,France,ner_code.ipynb:5,91
Haback,Robert Habeck,Alliance 90/The Greens,Germany,ner_code.ipynb:5,92
Halbeck,Robert Habeck,Alliance 90/The Greens,Germany,ner_code.ipynb:5,93
Hr.Ivanov,Hristo Ivanov,"Yes, Bulgaria!",Bulgaria,ner_code.ipynb:5,94
JL Abalos,José Luis Ábalos,Spanish Socialist Workers' Party,Spain,ner_code.ipynb:5,95
JL Albares,José Manuel Albares Bueno,Spanish Socialist Workers' Party,Spain,ner_code.ipynb:5,96
jm albares,José Manuel Albares Bueno,Spanish Socialist Workers' Party,Spain,ner_code.ipynb:5,97
jmalbares,José Manuel Albares Bueno,Spanish Socialist Workers' Party,Spain,ner_code.ipynb:5,98
Jonas S,Jonas Sjöstedt,The Left Party,Sweden,ner_code.ipynb:5,99
jorge pueyo,Jorge Pueyo,Sumar,Spain,ner_code.ipynb:5,100
jorge_pueyo,Jorge Pueyo,Sumar,Spain,ner_code.ipynb:5,101
Makron,Emmanuel Macron,Renaissance,France,ner_code.ipynb:5,102
Max Krah,Maximilian Krah,Alternative for Germany,Germany,ner_code.ipynb:5,103
Max. Krahl,Maximilian Krah,Alternative for Germany,Germany,ner_code.ipynb:5,104
Maxim. Krah,Maximilian Krah,Alternative for Germany,Germany,ner_code.ipynb:5,105
Miljöp,Miljöpartiet de Gröna,The Green Party,Sweden,ner_code.ipynb:5,106
MJ montero,María Jesús Montero,Spanish Socialist Workers' Party,Spain,ner_code.ipynb:5,107
MJMontero,María Jesús Montero,Spanish Socialist Workers' Party,Spain,ner_code.ipynb:5,108
Sawick,Marek Sawicki,Third Way,Poland,ner_code.ipynb:5,109
Sawicki,Marek Sawicki,Third Way,Poland,ner_code.ipynb:5,110
Torock,László Toroczkai,Our Homeland Movement,Hungary,ner_code.ipynb:5,111
torockai,László Toroczkai,Our Homeland Movement,Hungary,ner_code.ipynb:5,112
Torockay,László Toroczkai,Our Homeland Movement,Hungary,ner_code.ipynb:5,113
Ulf Krist,Ulf Kristersson,The Moderate Party,Sweden,ner_code.ipynb:5,114
Urs,Ursula von der Leyen,Christian Democratic Union,Germany,ner_code.ipynb:5,115
Ursula Van Leyden,Ursula von der Leyen,Christian Democratic Union,Germany,ner_code.ipynb:5,116
Ursula vdL,Ursula von der Leyen,Christian Democratic Union,Germany,ner_code.ipynb:5,117
Vanya.gri,Vanya Grigorova,Solidary Bulgaria,Bulgaria,ner_code.ipynb:5,118
VDL,Ursula von der Leyen,Christian Democratic Union,Germany,ner_code.ipynb:5,119
Vucic,Aleksandar Vučić,Serbian Progressive Party,Serbia,ner_code.ipynb:5,120
W. Buda,Waldemar Buda,Law and Justice,Poland,ner_code.ipynb:5,121
atteh,Atte Harjanne,Green League,Finland,ner_code.ipynb:5,122
Höck,Björn Höcke,Alternative for Germany,Germany,ner_code.ipynb:5,123
Krass,Maximilian Krah,Alternative for Germany,Germany,ner_code.ipynb:5,124
